"x:18,y:2","x:3,y:2","x:18,y:17","x:16,y:0","x:9,y:11","x:9,y:7","x:12,y:14","x:16,y:13","[(6, 3), (4, 1), (0, 2), (5, 7)]",50.262727454728605,65.47217886011293,1.3025990067706414
"x:3,y:13","x:8,y:16","x:3,y:1","x:2,y:11","x:10,y:4","x:17,y:1","x:5,y:1","x:11,y:0","[(6, 3), (4, 1), (0, 2), (5, 7)]",43.78250834235364,53.83238396347453,1.2295408829146273
"x:10,y:17","x:7,y:12","x:13,y:7","x:9,y:5","x:6,y:17","x:0,y:12","x:19,y:14","x:6,y:4","[(6, 3), (4, 1), (0, 2), (5, 7)]",40.23308747533415,42.06403937017945,1.0455086101947262
"x:6,y:12","x:11,y:2","x:13,y:3","x:0,y:7","x:20,y:1","x:9,y:16","x:8,y:0","x:15,y:18","[(6, 3), (4, 1), (0, 2), (5, 7)]",44.661955200079255,54.73426486094524,1.2255232583469187
"x:2,y:8","x:1,y:13","x:20,y:3","x:3,y:20","x:4,y:1","x:20,y:18","x:1,y:19","x:2,y:8","[(6, 3), (4, 1), (0, 2), (5, 7)]",54.8412323010049,57.69409173054671,1.0520203377977255
"x:19,y:10","x:15,y:2","x:9,y:9","x:17,y:1","x:13,y:5","x:12,y:6","x:1,y:7","x:4,y:0","[(6, 3), (4, 1), (0, 2), (5, 7)]",39.164122229440956,50.313904619789696,1.2846937900210893
"x:5,y:18","x:7,y:5","x:2,y:5","x:10,y:1","x:11,y:17","x:18,y:17","x:18,y:6","x:3,y:0","[(6, 3), (4, 1), (0, 2), (5, 7)]",48.61576317594761,48.615763175947606,0.9999999999999999
"x:6,y:18","x:7,y:0","x:17,y:10","x:13,y:12","x:6,y:1","x:15,y:3","x:17,y:5","x:8,y:13","[(6, 3), (4, 1), (0, 2), (5, 7)]",36.6528517025896,36.6528517025896,1.0
"x:17,y:5","x:11,y:13","x:15,y:16","x:19,y:10","x:17,y:8","x:5,y:11","x:0,y:2","x:10,y:17","[(6, 3), (4, 1), (0, 2), (5, 7)]",39.381967887594264,44.070170604082655,1.1190443994538228
"x:3,y:14","x:9,y:2","x:13,y:11","x:13,y:11","x:3,y:0","x:0,y:0","x:15,y:9","x:7,y:16","[(6, 3), (4, 1), (0, 2), (5, 7)]",36.284969366285964,40.503770335078165,1.1162685553404954
"x:8,y:0","x:7,y:2","x:15,y:12","x:18,y:2","x:3,y:6","x:4,y:7","x:6,y:17","x:12,y:0","[(6, 3), (4, 1), (0, 2), (5, 7)]",43.7221741263374,49.61717250261843,1.1348285736946004
"x:4,y:4","x:17,y:19","x:1,y:17","x:16,y:5","x:15,y:12","x:2,y:19","x:17,y:10","x:3,y:7","[(6, 3), (4, 1), (0, 2), (5, 7)]",47.584693339955244,57.78273236714082,1.2143134338247932
"x:20,y:18","x:6,y:20","x:15,y:4","x:0,y:8","x:17,y:17","x:11,y:20","x:13,y:0","x:13,y:4","[(6, 3), (4, 1), (0, 2), (5, 7)]",53.51222838725352,68.50524582933696,1.2801792766614581
"x:2,y:11","x:6,y:18","x:3,y:5","x:11,y:4","x:12,y:5","x:15,y:15","x:13,y:2","x:20,y:2","[(6, 3), (4, 1), (0, 2), (5, 7)]",47.37830699119872,57.62185330934461,1.2162075213039756
"x:17,y:13","x:2,y:1","x:7,y:8","x:6,y:16","x:12,y:14","x:13,y:5","x:4,y:0","x:15,y:6","[(6, 3), (4, 1), (0, 2), (5, 7)]",48.49722671113507,49.821588533153,1.0273079908240166
"x:4,y:6","x:10,y:19","x:10,y:3","x:9,y:2","x:16,y:2","x:1,y:13","x:16,y:13","x:0,y:9","[(6, 3), (4, 1), (0, 2), (5, 7)]",45.806843266870914,58.46986593317108,1.2764439058270252
"x:10,y:9","x:4,y:16","x:20,y:6","x:13,y:12","x:0,y:9","x:12,y:18","x:19,y:13","x:1,y:12","[(6, 3), (4, 1), (0, 2), (5, 7)]",42.94998021928345,45.8022943879102,1.0664101392844447
"x:20,y:5","x:5,y:15","x:17,y:16","x:3,y:8","x:20,y:8","x:20,y:18","x:7,y:3","x:18,y:8","[(6, 3), (4, 1), (0, 2), (5, 7)]",47.02076398201103,55.55007229176076,1.1813945071801222
"x:15,y:7","x:4,y:19","x:19,y:8","x:12,y:14","x:5,y:5","x:8,y:12","x:14,y:14","x:16,y:5","[(6, 3), (4, 1), (0, 2), (5, 7)]",41.750131860794056,45.41300735907196,1.0877332677772347
"x:15,y:17","x:1,y:10","x:9,y:12","x:8,y:18","x:14,y:1","x:1,y:17","x:5,y:19","x:16,y:8","[(6, 3), (4, 1), (0, 2), (5, 7)]",49.52645378623133,54.14160410751712,1.0931855598061986
"x:0,y:0","x:18,y:5","x:3,y:11","x:14,y:13","x:1,y:10","x:18,y:14","x:5,y:19","x:5,y:9","[(6, 3), (4, 1), (0, 2), (5, 7)]",48.95739114544391,55.88915040494221,1.1415875947904424
"x:8,y:3","x:0,y:11","x:6,y:6","x:15,y:5","x:7,y:16","x:16,y:0","x:16,y:13","x:17,y:10","[(6, 3), (4, 1), (0, 2), (5, 7)]",40.944698088589455,40.94469808858946,1.0000000000000002
"x:13,y:8","x:16,y:1","x:0,y:18","x:2,y:2","x:7,y:19","x:3,y:0","x:11,y:16","x:14,y:1","[(6, 3), (4, 1), (0, 2), (5, 7)]",60.225918253557445,72.36788899839699,1.2016070671387786
"x:13,y:13","x:9,y:10","x:3,y:8","x:4,y:15","x:8,y:15","x:8,y:12","x:3,y:12","x:9,y:16","[(6, 3), (4, 1), (0, 2), (5, 7)]",26.79861636175192,30.945026097215372,1.1547247693497107
"x:16,y:12","x:9,y:1","x:14,y:18","x:5,y:2","x:7,y:6","x:11,y:18","x:0,y:17","x:2,y:11","[(6, 3), (4, 1), (0, 2), (5, 7)]",43.63020313628253,50.599154182200536,1.1597276781900352
"x:13,y:1","x:18,y:4","x:20,y:20","x:3,y:2","x:0,y:14","x:10,y:15","x:11,y:2","x:13,y:8","[(6, 3), (4, 1), (0, 2), (5, 7)]",55.404620067098655,61.91101664160719,1.117434188098914
"x:6,y:12","x:9,y:2","x:3,y:20","x:11,y:7","x:0,y:7","x:9,y:1","x:6,y:12","x:11,y:16","[(6, 3), (4, 1), (0, 2), (5, 7)]",42.85673714799911,50.53816559799377,1.1792350272366285
"x:14,y:4","x:19,y:18","x:14,y:5","x:17,y:18","x:7,y:12","x:19,y:3","x:18,y:10","x:4,y:2","[(6, 3), (4, 1), (0, 2), (5, 7)]",43.9427804140087,44.75075872750382,1.0183870548445664
"x:5,y:15","x:19,y:16","x:2,y:15","x:3,y:2","x:13,y:15","x:10,y:15","x:20,y:4","x:3,y:18","[(6, 3), (4, 1), (0, 2), (5, 7)]",49.40387753788258,54.204898886327825,1.0971790391303569
"x:0,y:16","x:15,y:8","x:12,y:17","x:13,y:2","x:9,y:10","x:2,y:12","x:12,y:10","x:10,y:2","[(6, 3), (4, 1), (0, 2), (5, 7)]",41.46164944683493,46.83825861231514,1.12967668284337
"x:14,y:3","x:6,y:14","x:3,y:4","x:11,y:1","x:2,y:9","x:8,y:18","x:8,y:18","x:0,y:11","[(6, 3), (4, 1), (0, 2), (5, 7)]",40.55858293404595,52.04857673868183,1.2832937685056762
"x:10,y:14","x:18,y:3","x:0,y:18","x:10,y:20","x:0,y:6","x:12,y:19","x:13,y:9","x:0,y:2","[(6, 3), (4, 1), (0, 2), (5, 7)]",63.44673783404151,98.6496298361966,1.5548416388914394
"x:19,y:9","x:9,y:19","x:2,y:10","x:13,y:19","x:5,y:9","x:7,y:12","x:9,y:20","x:2,y:7","[(6, 3), (4, 1), (0, 2), (5, 7)]",38.00587786378502,47.92656554924787,1.261030352226545
"x:6,y:0","x:0,y:18","x:7,y:13","x:14,y:16","x:15,y:1","x:14,y:0","x:15,y:4","x:9,y:6","[(6, 3), (4, 1), (0, 2), (5, 7)]",49.34288493310261,56.920904810526594,1.1535787761031404
"x:20,y:3","x:18,y:14","x:3,y:2","x:2,y:16","x:15,y:0","x:5,y:4","x:14,y:19","x:10,y:19","[(6, 3), (4, 1), (0, 2), (5, 7)]",62.26266826506341,76.18268658204072,1.2235692543357968
"x:2,y:6","x:0,y:3","x:1,y:10","x:12,y:18","x:20,y:2","x:4,y:14","x:11,y:12","x:15,y:6","[(6, 3), (4, 1), (0, 2), (5, 7)]",49.297663008057846,60.70823061508523,1.231462647735701
"x:2,y:8","x:9,y:17","x:13,y:18","x:7,y:0","x:12,y:2","x:16,y:6","x:14,y:17","x:8,y:2","[(6, 3), (4, 1), (0, 2), (5, 7)]",46.72530954561808,62.58584825170283,1.3394421323330143
"x:17,y:1","x:19,y:1","x:4,y:10","x:18,y:2","x:17,y:12","x:9,y:12","x:16,y:14","x:16,y:7","[(6, 3), (4, 1), (0, 2), (5, 7)]",36.70742430533077,45.04559442522052,1.2271521436789794
"x:15,y:8","x:18,y:16","x:8,y:19","x:17,y:13","x:2,y:6","x:3,y:6","x:14,y:18","x:11,y:13","[(6, 3), (4, 1), (0, 2), (5, 7)]",37.46518618509201,38.375887597834826,1.024307937727671
"x:1,y:14","x:16,y:9","x:11,y:13","x:0,y:6","x:8,y:6","x:11,y:14","x:13,y:3","x:3,y:0","[(6, 3), (4, 1), (0, 2), (5, 7)]",50.95576372118785,60.45988104162506,1.1865170223419754
"x:6,y:2","x:11,y:11","x:6,y:3","x:20,y:3","x:10,y:11","x:0,y:5","x:8,y:2","x:10,y:12","[(6, 3), (4, 1), (0, 2), (5, 7)]",34.697052496225794,44.7802416538104,1.2906065049381763
"x:5,y:4","x:10,y:18","x:13,y:19","x:13,y:2","x:14,y:8","x:4,y:1","x:18,y:0","x:10,y:20","[(6, 3), (4, 1), (0, 2), (5, 7)]",40.41167007383459,50.60772813963608,1.2523047933226383
"x:10,y:10","x:12,y:0","x:2,y:16","x:2,y:8","x:20,y:11","x:1,y:2","x:19,y:18","x:9,y:7","[(6, 3), (4, 1), (0, 2), (5, 7)]",53.58168456131584,60.76210918877485,1.1340089376854536
"x:18,y:16","x:18,y:20","x:10,y:7","x:16,y:14","x:15,y:20","x:18,y:10","x:6,y:14","x:10,y:16","[(6, 3), (4, 1), (0, 2), (5, 7)]",38.91771931334212,43.29822128134703,1.1125580338543413
"x:1,y:14","x:15,y:7","x:20,y:11","x:5,y:8","x:14,y:15","x:4,y:2","x:7,y:8","x:16,y:4","[(6, 3), (4, 1), (0, 2), (5, 7)]",44.23589459035184,47.278459476801295,1.068780453399332
"x:7,y:12","x:3,y:5","x:2,y:1","x:13,y:8","x:11,y:17","x:14,y:2","x:6,y:15","x:9,y:12","[(6, 3), (4, 1), (0, 2), (5, 7)]",39.955909885393446,43.790289535551835,1.0959652692469435
"x:20,y:12","x:2,y:2","x:11,y:15","x:7,y:9","x:17,y:8","x:0,y:7","x:16,y:6","x:6,y:16","[(6, 3), (4, 1), (0, 2), (5, 7)]",46.04509596038335,46.986525990714306,1.0204458262209064
"x:5,y:2","x:4,y:20","x:3,y:12","x:3,y:10","x:3,y:19","x:1,y:0","x:12,y:9","x:3,y:4","[(6, 3), (4, 1), (0, 2), (5, 7)]",32.77016178025628,35.476128358808225,1.0825740988615522
"x:12,y:8","x:16,y:14","x:0,y:16","x:5,y:8","x:11,y:3","x:14,y:6","x:8,y:17","x:7,y:18","[(6, 3), (4, 1), (0, 2), (5, 7)]",44.3352702176188,62.55987877832305,1.4110634371065998
"x:4,y:2","x:13,y:2","x:4,y:19","x:14,y:19","x:17,y:15","x:1,y:10","x:2,y:10","x:15,y:15","[(6, 3), (4, 1), (0, 2), (5, 7)]",51.39915768920123,64.55210412716713,1.2558980930679586
"x:0,y:5","x:1,y:16","x:2,y:8","x:20,y:9","x:16,y:15","x:10,y:9","x:16,y:12","x:19,y:13","[(6, 3), (4, 1), (0, 2), (5, 7)]",43.69469262042085,51.46502223468986,1.177832344119467
"x:10,y:5","x:18,y:6","x:5,y:4","x:13,y:17","x:14,y:11","x:11,y:10","x:14,y:6","x:4,y:14","[(6, 3), (4, 1), (0, 2), (5, 7)]",41.10658755572574,49.02657687579206,1.1926695887691885
"x:18,y:5","x:6,y:16","x:1,y:5","x:20,y:17","x:18,y:14","x:8,y:11","x:11,y:4","x:12,y:7","[(6, 3), (4, 1), (0, 2), (5, 7)]",53.29992837319245,69.60648437751323,1.3059395481762461
"x:4,y:5","x:1,y:16","x:10,y:17","x:1,y:17","x:15,y:1","x:19,y:20","x:2,y:10","x:6,y:5","[(6, 3), (4, 1), (0, 2), (5, 7)]",48.20833126629996,54.74250620225206,1.1355403674907913
"x:9,y:9","x:6,y:16","x:12,y:0","x:17,y:17","x:4,y:9","x:15,y:9","x:7,y:18","x:8,y:12","[(6, 3), (4, 1), (0, 2), (5, 7)]",42.022963300157684,50.87082891372484,1.2105483506807801
"x:10,y:11","x:12,y:12","x:13,y:5","x:9,y:7","x:8,y:7","x:5,y:3","x:15,y:9","x:17,y:10","[(6, 3), (4, 1), (0, 2), (5, 7)]",29.558989115886636,35.848641268958346,1.2127830599488025
"x:18,y:2","x:0,y:6","x:7,y:5","x:1,y:0","x:6,y:7","x:2,y:6","x:20,y:13","x:4,y:11","[(6, 3), (4, 1), (0, 2), (5, 7)]",41.49616622690558,47.23180351981406,1.138220896396679
"x:9,y:14","x:12,y:13","x:15,y:10","x:18,y:20","x:4,y:9","x:6,y:16","x:7,y:15","x:11,y:12","[(6, 3), (4, 1), (0, 2), (5, 7)]",32.38416082062996,37.0533604933163,1.1441815861324367
"x:17,y:20","x:1,y:17","x:7,y:11","x:1,y:16","x:3,y:5","x:17,y:1","x:17,y:5","x:3,y:1","[(6, 3), (4, 1), (0, 2), (5, 7)]",51.47497627390834,65.90720967786795,1.280373774767042
"x:0,y:17","x:3,y:11","x:8,y:17","x:13,y:15","x:9,y:6","x:17,y:19","x:1,y:9","x:9,y:5","[(6, 3), (4, 1), (0, 2), (5, 7)]",40.79627021704559,49.91826146347668,1.2235986573748039
"x:7,y:12","x:13,y:5","x:12,y:11","x:13,y:14","x:11,y:13","x:19,y:0","x:1,y:8","x:20,y:19","[(6, 3), (4, 1), (0, 2), (5, 7)]",42.367253896373526,47.31899795805295,1.1168766820193476
"x:18,y:15","x:15,y:14","x:16,y:3","x:12,y:13","x:1,y:5","x:20,y:8","x:20,y:16","x:20,y:15","[(6, 3), (4, 1), (0, 2), (5, 7)]",41.15248448668299,51.34281742423687,1.2476237598935611
"x:7,y:14","x:0,y:1","x:8,y:19","x:8,y:2","x:5,y:15","x:2,y:5","x:3,y:1","x:12,y:16","[(6, 3), (4, 1), (0, 2), (5, 7)]",45.59580589299086,53.605794913096815,1.1756738117296284
"x:8,y:18","x:11,y:2","x:1,y:7","x:14,y:3","x:14,y:8","x:0,y:16","x:13,y:3","x:18,y:10","[(6, 3), (4, 1), (0, 2), (5, 7)]",45.39771752220243,56.191294582253576,1.2377559412490813
"x:4,y:17","x:16,y:7","x:2,y:15","x:4,y:14","x:19,y:10","x:13,y:4","x:5,y:9","x:18,y:19","[(6, 3), (4, 1), (0, 2), (5, 7)]",40.45956208814247,44.70676504012358,1.1049740217832422
"x:9,y:18","x:3,y:4","x:19,y:1","x:13,y:19","x:15,y:12","x:2,y:11","x:14,y:11","x:13,y:5","[(6, 3), (4, 1), (0, 2), (5, 7)]",53.46821058549895,63.17537906684053,1.1815502777265983
"x:4,y:11","x:8,y:19","x:20,y:2","x:19,y:8","x:20,y:13","x:3,y:7","x:14,y:6","x:18,y:16","[(6, 3), (4, 1), (0, 2), (5, 7)]",51.72061086899892,55.80174377479203,1.078907283522425
"x:13,y:6","x:7,y:15","x:17,y:9","x:6,y:14","x:1,y:6","x:20,y:6","x:10,y:1","x:11,y:15","[(6, 3), (4, 1), (0, 2), (5, 7)]",38.40706865063285,45.62910620965527,1.1880392806000677
"x:19,y:3","x:7,y:4","x:2,y:13","x:13,y:20","x:20,y:1","x:1,y:15","x:13,y:6","x:8,y:9","[(6, 3), (4, 1), (0, 2), (5, 7)]",47.72720298950763,64.27857684461189,1.3467911970190862
"x:2,y:0","x:8,y:3","x:10,y:19","x:1,y:2","x:3,y:18","x:11,y:7","x:8,y:20","x:17,y:4","[(6, 3), (4, 1), (0, 2), (5, 7)]",55.446551755062565,64.50193689319998,1.1633173723433687
"x:15,y:19","x:8,y:2","x:0,y:4","x:20,y:11","x:11,y:14","x:12,y:9","x:10,y:19","x:2,y:15","[(6, 3), (4, 1), (0, 2), (5, 7)]",60.128064629023356,75.73813414963396,1.2596137031338233
"x:7,y:18","x:15,y:4","x:15,y:8","x:13,y:12","x:18,y:2","x:15,y:10","x:0,y:5","x:9,y:13","[(6, 3), (4, 1), (0, 2), (5, 7)]",33.98384341175464,36.45597936675422,1.0727444487383817
"x:12,y:2","x:1,y:1","x:10,y:7","x:18,y:17","x:1,y:6","x:0,y:14","x:3,y:6","x:3,y:8","[(6, 3), (4, 1), (0, 2), (5, 7)]",44.650281860547594,54.09965271744167,1.2116307101130177
"x:7,y:3","x:4,y:17","x:11,y:6","x:2,y:14","x:18,y:18","x:19,y:17","x:14,y:13","x:5,y:16","[(6, 3), (4, 1), (0, 2), (5, 7)]",34.93970872401207,38.98583940783876,1.1158032173589933
"x:2,y:15","x:6,y:8","x:7,y:3","x:1,y:18","x:14,y:10","x:12,y:14","x:19,y:9","x:14,y:1","[(6, 3), (4, 1), (0, 2), (5, 7)]",48.16401914882269,55.01683342461979,1.1422807813156641
"x:16,y:11","x:12,y:7","x:0,y:9","x:7,y:8","x:5,y:5","x:2,y:5","x:12,y:3","x:4,y:1","[(6, 3), (4, 1), (0, 2), (5, 7)]",36.20881648418838,39.022998360766294,1.077720901974435
"x:14,y:7","x:6,y:19","x:16,y:6","x:4,y:7","x:18,y:17","x:17,y:18","x:5,y:5","x:11,y:1","[(6, 3), (4, 1), (0, 2), (5, 7)]",43.37293531238784,56.13268871697609,1.2941869927107266
"x:13,y:14","x:19,y:0","x:8,y:12","x:14,y:17","x:14,y:12","x:18,y:10","x:5,y:12","x:10,y:16","[(6, 3), (4, 1), (0, 2), (5, 7)]",37.753013923148785,53.238587542674736,1.4101811222555336
"x:0,y:10","x:13,y:6","x:12,y:2","x:4,y:15","x:0,y:8","x:18,y:10","x:13,y:9","x:1,y:0","[(6, 3), (4, 1), (0, 2), (5, 7)]",47.806949042590645,60.897897021987326,1.2738293959678144
"x:17,y:9","x:13,y:10","x:14,y:10","x:19,y:2","x:14,y:4","x:19,y:13","x:12,y:6","x:13,y:18","[(6, 3), (4, 1), (0, 2), (5, 7)]",30.489207117800607,39.85405080099876,1.3071527457901866
"x:5,y:20","x:7,y:4","x:5,y:18","x:15,y:15","x:9,y:12","x:0,y:5","x:8,y:1","x:5,y:6","[(6, 3), (4, 1), (0, 2), (5, 7)]",40.47167465112763,48.52312760817666,1.198940444803776
"x:18,y:19","x:11,y:8","x:5,y:10","x:7,y:1","x:9,y:9","x:8,y:10","x:0,y:12","x:4,y:9","[(6, 3), (4, 1), (0, 2), (5, 7)]",34.16515766094983,42.32171067014882,1.2387389249054097
"x:19,y:20","x:10,y:15","x:3,y:5","x:3,y:14","x:16,y:6","x:9,y:16","x:19,y:17","x:19,y:15","[(6, 3), (4, 1), (0, 2), (5, 7)]",50.102287353746874,59.14213562373095,1.1804278556417651
"x:0,y:6","x:6,y:5","x:13,y:12","x:3,y:6","x:17,y:13","x:20,y:14","x:5,y:3","x:1,y:18","[(6, 3), (4, 1), (0, 2), (5, 7)]",48.52574784460731,61.604973055766926,1.2695316567411359
"x:5,y:6","x:0,y:20","x:0,y:2","x:10,y:14","x:0,y:3","x:4,y:12","x:8,y:15","x:6,y:20","[(6, 3), (4, 1), (0, 2), (5, 7)]",38.73426126796406,47.45768902005008,1.225212188551558
"x:11,y:2","x:6,y:8","x:7,y:5","x:18,y:3","x:13,y:2","x:17,y:13","x:9,y:10","x:16,y:3","[(6, 3), (4, 1), (0, 2), (5, 7)]",30.75959574859215,35.704795855690364,1.1607693464997684
"x:18,y:5","x:5,y:8","x:17,y:14","x:17,y:18","x:19,y:9","x:9,y:11","x:19,y:12","x:9,y:16","[(6, 3), (4, 1), (0, 2), (5, 7)]",38.60689102623322,42.343745215032556,1.0967924142418035
"x:1,y:7","x:1,y:12","x:10,y:6","x:0,y:14","x:12,y:2","x:0,y:0","x:8,y:0","x:4,y:15","[(6, 3), (4, 1), (0, 2), (5, 7)]",37.358830651254024,39.95776250811991,1.0695667345995652
"x:18,y:20","x:1,y:10","x:15,y:4","x:7,y:0","x:13,y:16","x:3,y:3","x:14,y:10","x:5,y:16","[(6, 3), (4, 1), (0, 2), (5, 7)]",56.550860200509426,60.12802717247201,1.063255748175699
"x:9,y:3","x:19,y:19","x:6,y:0","x:1,y:20","x:16,y:7","x:4,y:14","x:19,y:4","x:6,y:8","[(6, 3), (4, 1), (0, 2), (5, 7)]",53.31977990750843,64.88852752123103,1.2169691554201914
"x:7,y:6","x:18,y:4","x:11,y:11","x:20,y:0","x:4,y:19","x:6,y:3","x:10,y:8","x:3,y:1","[(6, 3), (4, 1), (0, 2), (5, 7)]",42.279602784374006,47.117001787410274,1.1144144855784717
"x:20,y:1","x:5,y:3","x:10,y:11","x:13,y:13","x:16,y:1","x:19,y:17","x:5,y:13","x:13,y:17","[(6, 3), (4, 1), (0, 2), (5, 7)]",43.60503710215405,43.60503710215405,1.0
"x:16,y:7","x:1,y:18","x:17,y:2","x:15,y:12","x:1,y:1","x:5,y:13","x:5,y:18","x:5,y:18","[(6, 3), (4, 1), (0, 2), (5, 7)]",41.897025288979975,53.55892907867057,1.2783468207886823
"x:15,y:7","x:15,y:7","x:0,y:2","x:14,y:11","x:14,y:1","x:9,y:4","x:6,y:8","x:14,y:15","[(6, 3), (4, 1), (0, 2), (5, 7)]",40.848208351603084,41.725460389257144,1.0214758999979403
"x:6,y:16","x:5,y:14","x:16,y:11","x:0,y:3","x:13,y:12","x:20,y:5","x:18,y:12","x:8,y:18","[(6, 3), (4, 1), (0, 2), (5, 7)]",50.90473160051305,60.42638357265845,1.1870484662775322
"x:8,y:17","x:10,y:3","x:0,y:7","x:6,y:9","x:7,y:12","x:1,y:1","x:4,y:14","x:8,y:6","[(6, 3), (4, 1), (0, 2), (5, 7)]",34.282418293457454,36.086347738995684,1.052619667320333
"x:7,y:9","x:18,y:0","x:11,y:11","x:13,y:19","x:19,y:19","x:16,y:10","x:14,y:11","x:0,y:7","[(6, 3), (4, 1), (0, 2), (5, 7)]",52.939820696611875,60.502111929386636,1.142846937017653
"x:14,y:16","x:7,y:20","x:10,y:5","x:3,y:6","x:0,y:20","x:16,y:14","x:12,y:3","x:19,y:11","[(6, 3), (4, 1), (0, 2), (5, 7)]",43.73752040749531,50.33566305507592,1.15085772092489
"x:9,y:8","x:6,y:20","x:17,y:7","x:4,y:10","x:3,y:7","x:15,y:7","x:12,y:2","x:4,y:19","[(6, 3), (4, 1), (0, 2), (5, 7)]",44.64685835858907,53.97381009599726,1.2089049953413775
"x:6,y:18","x:12,y:10","x:20,y:11","x:2,y:17","x:14,y:6","x:18,y:19","x:12,y:13","x:19,y:13","[(6, 3), (4, 1), (0, 2), (5, 7)]",41.03206266010768,53.3836247986642,1.3010222089216343
"x:8,y:16","x:20,y:0","x:13,y:3","x:2,y:10","x:15,y:10","x:9,y:19","x:0,y:15","x:9,y:11","[(6, 3), (4, 1), (0, 2), (5, 7)]",46.803235119696495,47.45866518431194,1.0140039478668348
"x:4,y:10","x:13,y:17","x:9,y:4","x:5,y:17","x:10,y:10","x:19,y:13","x:8,y:1","x:11,y:12","[(6, 3), (4, 1), (0, 2), (5, 7)]",41.74637743419504,46.952489033948986,1.124708104504645
"x:1,y:12","x:12,y:8","x:8,y:12","x:8,y:16","x:14,y:2","x:2,y:13","x:15,y:17","x:15,y:13","[(6, 3), (4, 1), (0, 2), (5, 7)]",34.22657502704753,37.297642838913006,1.0897275818406769
"x:19,y:10","x:4,y:6","x:14,y:13","x:15,y:8","x:7,y:11","x:13,y:0","x:15,y:9","x:2,y:20","[(6, 3), (4, 1), (0, 2), (5, 7)]",45.58984637678839,53.13679503007702,1.1655401202915894
"x:18,y:9","x:4,y:7","x:19,y:6","x:11,y:3","x:7,y:4","x:3,y:20","x:11,y:16","x:10,y:3","[(6, 3), (4, 1), (0, 2), (5, 7)]",38.954966599384406,43.003791490143996,1.1039360380512706
"x:17,y:1","x:6,y:18","x:16,y:19","x:6,y:13","x:4,y:12","x:14,y:4","x:11,y:10","x:1,y:0","[(6, 3), (4, 1), (0, 2), (5, 7)]",53.10221583604944,59.57661440738569,1.121923322207978
"x:15,y:4","x:2,y:11","x:4,y:19","x:1,y:10","x:10,y:7","x:14,y:5","x:4,y:8","x:1,y:19","[(6, 3), (4, 1), (0, 2), (5, 7)]",28.051134633806523,28.051134633806527,1.0000000000000002
"x:13,y:18","x:11,y:5","x:8,y:12","x:14,y:3","x:14,y:14","x:20,y:11","x:19,y:4","x:7,y:9","[(6, 3), (4, 1), (0, 2), (5, 7)]",34.67956757717132,34.679567577171326,1.0000000000000002
"x:20,y:17","x:20,y:6","x:13,y:17","x:11,y:0","x:3,y:10","x:5,y:17","x:5,y:17","x:12,y:6","[(6, 3), (4, 1), (0, 2), (5, 7)]",47.210886077783705,47.210886077783705,1.0
"x:5,y:17","x:12,y:14","x:6,y:13","x:6,y:20","x:14,y:20","x:5,y:9","x:5,y:6","x:16,y:9","[(6, 3), (4, 1), (0, 2), (5, 7)]",37.28999881133701,41.76921845276197,1.1201185246501852
"x:8,y:5","x:11,y:3","x:2,y:13","x:13,y:11","x:3,y:17","x:10,y:12","x:19,y:0","x:8,y:11","[(6, 3), (4, 1), (0, 2), (5, 7)]",41.56839436396332,42.68553688846169,1.0268748057650947
"x:5,y:12","x:7,y:3","x:13,y:4","x:10,y:13","x:9,y:8","x:8,y:8","x:3,y:16","x:17,y:8","[(6, 3), (4, 1), (0, 2), (5, 7)]",36.75322790301872,40.7825737494159,1.1096324343818038
"x:15,y:19","x:18,y:1","x:15,y:17","x:3,y:15","x:18,y:8","x:17,y:4","x:2,y:3","x:10,y:13","[(6, 3), (4, 1), (0, 2), (5, 7)]",46.411966242283086,49.28886061666542,1.061986048153275
"x:12,y:18","x:12,y:7","x:4,y:16","x:15,y:18","x:20,y:7","x:5,y:8","x:5,y:14","x:3,y:9","[(6, 3), (4, 1), (0, 2), (5, 7)]",38.65129204415626,46.39474446673506,1.2003413602249695
"x:10,y:11","x:9,y:14","x:6,y:17","x:15,y:18","x:18,y:11","x:17,y:15","x:11,y:1","x:20,y:19","[(6, 3), (4, 1), (0, 2), (5, 7)]",38.965372686682635,40.88722090066443,1.0493219512985341
"x:14,y:18","x:16,y:11","x:14,y:19","x:19,y:0","x:18,y:18","x:0,y:8","x:7,y:15","x:8,y:4","[(6, 3), (4, 1), (0, 2), (5, 7)]",50.872054968869605,56.38524955408233,1.1083737346286962
"x:5,y:10","x:2,y:2","x:19,y:2","x:0,y:15","x:19,y:3","x:14,y:9","x:10,y:7","x:9,y:9","[(6, 3), (4, 1), (0, 2), (5, 7)]",50.0050581198162,65.84540875747467,1.3167749670384084
"x:7,y:5","x:4,y:3","x:17,y:10","x:1,y:9","x:20,y:17","x:6,y:14","x:15,y:4","x:15,y:6","[(6, 3), (4, 1), (0, 2), (5, 7)]",51.44332389850766,62.606729652215705,1.217003974621319
"x:20,y:18","x:12,y:14","x:16,y:14","x:9,y:17","x:7,y:9","x:11,y:17","x:14,y:16","x:18,y:5","[(6, 3), (4, 1), (0, 2), (5, 7)]",35.86561794190429,42.07391946865363,1.173098970072275
"x:19,y:1","x:1,y:8","x:0,y:9","x:4,y:4","x:17,y:20","x:20,y:20","x:3,y:17","x:8,y:20","[(6, 3), (4, 1), (0, 2), (5, 7)]",51.086227743314275,58.85674635720442,1.1521059384719805
"x:1,y:14","x:16,y:6","x:6,y:2","x:6,y:7","x:7,y:3","x:13,y:15","x:12,y:1","x:18,y:6","[(6, 3), (4, 1), (0, 2), (5, 7)]",39.79805573813378,50.708629379472015,1.2741484084832797
"x:5,y:13","x:1,y:12","x:18,y:5","x:12,y:11","x:7,y:8","x:12,y:11","x:7,y:16","x:19,y:19","[(6, 3), (4, 1), (0, 2), (5, 7)]",42.83410072007596,51.72306845623445,1.2075208207182533
"x:17,y:18","x:1,y:11","x:14,y:10","x:0,y:16","x:0,y:18","x:12,y:10","x:12,y:5","x:15,y:20","[(6, 3), (4, 1), (0, 2), (5, 7)]",43.722319278028905,53.473800412260076,1.2230321102643662
"x:4,y:8","x:11,y:19","x:8,y:3","x:14,y:8","x:20,y:3","x:18,y:16","x:5,y:9","x:19,y:11","[(6, 3), (4, 1), (0, 2), (5, 7)]",43.228717128152006,44.07886824462813,1.0196663508185044
"x:14,y:9","x:0,y:11","x:14,y:16","x:10,y:0","x:3,y:4","x:11,y:10","x:13,y:2","x:7,y:15","[(6, 3), (4, 1), (0, 2), (5, 7)]",42.62825577159253,50.71505277454618,1.1897050877775461
"x:7,y:17","x:18,y:2","x:18,y:13","x:2,y:8","x:8,y:17","x:7,y:3","x:19,y:13","x:9,y:2","[(6, 3), (4, 1), (0, 2), (5, 7)]",49.73188084675424,60.43908891458577,1.2152986753271033
"x:14,y:7","x:11,y:6","x:2,y:13","x:18,y:7","x:15,y:12","x:3,y:5","x:2,y:13","x:5,y:6","[(6, 3), (4, 1), (0, 2), (5, 7)]",41.56082955349192,49.21100017920327,1.1840716537157903
"x:8,y:20","x:0,y:1","x:9,y:20","x:3,y:20","x:9,y:20","x:19,y:5","x:3,y:14","x:18,y:11","[(6, 3), (4, 1), (0, 2), (5, 7)]",51.83448063328471,57.19869018470054,1.1034872827098663
"x:2,y:7","x:14,y:0","x:3,y:7","x:12,y:0","x:16,y:0","x:12,y:11","x:0,y:0","x:1,y:2","[(6, 3), (4, 1), (0, 2), (5, 7)]",34.18394529288867,35.13100938926691,1.0277049383347583
"x:15,y:7","x:10,y:10","x:20,y:9","x:17,y:2","x:12,y:20","x:7,y:9","x:3,y:0","x:16,y:11","[(6, 3), (4, 1), (0, 2), (5, 7)]",43.0205327717471,43.86371774489514,1.0195995939339408
"x:20,y:9","x:11,y:17","x:19,y:6","x:20,y:9","x:16,y:2","x:17,y:0","x:18,y:14","x:9,y:16","[(6, 3), (4, 1), (0, 2), (5, 7)]",31.71760277275255,34.87988043292093,1.0997010298295613
"x:1,y:7","x:7,y:4","x:19,y:1","x:18,y:13","x:1,y:1","x:17,y:16","x:10,y:10","x:7,y:13","[(6, 3), (4, 1), (0, 2), (5, 7)]",53.604590358187494,59.38321940619326,1.1078010112453578
"x:8,y:5","x:11,y:20","x:19,y:1","x:2,y:1","x:10,y:5","x:19,y:6","x:3,y:0","x:7,y:12","[(6, 3), (4, 1), (0, 2), (5, 7)]",55.16643416582,61.86275061787504,1.121383891370016
"x:13,y:15","x:14,y:16","x:11,y:15","x:20,y:16","x:12,y:19","x:18,y:7","x:3,y:12","x:11,y:8","[(6, 3), (4, 1), (0, 2), (5, 7)]",35.63483639502009,35.63483639502009,1.0
"x:3,y:10","x:10,y:9","x:16,y:1","x:4,y:5","x:15,y:4","x:8,y:7","x:8,y:4","x:12,y:9","[(6, 3), (4, 1), (0, 2), (5, 7)]",29.88854381999832,36.768811000981586,1.230197470389297
"x:3,y:16","x:7,y:20","x:11,y:3","x:2,y:2","x:18,y:20","x:15,y:18","x:14,y:6","x:2,y:11","[(6, 3), (4, 1), (0, 2), (5, 7)]",55.89195225783659,70.03925527802812,1.2531187845242593
"x:19,y:16","x:11,y:12","x:0,y:17","x:15,y:9","x:12,y:5","x:3,y:12","x:20,y:20","x:8,y:12","[(6, 3), (4, 1), (0, 2), (5, 7)]",40.03710349405753,47.577246384357224,1.1883288807697796
"x:17,y:16","x:4,y:10","x:6,y:9","x:19,y:14","x:12,y:12","x:1,y:18","x:9,y:5","x:1,y:6","[(6, 3), (4, 1), (0, 2), (5, 7)]",40.17582327217819,45.173451064569434,1.124393911197138
"x:0,y:16","x:2,y:8","x:10,y:18","x:10,y:8","x:16,y:7","x:3,y:0","x:10,y:9","x:20,y:0","[(6, 3), (4, 1), (0, 2), (5, 7)]",56.96340709631946,58.71719584508414,1.030787988959284
"x:18,y:4","x:15,y:3","x:9,y:1","x:9,y:13","x:0,y:17","x:6,y:11","x:4,y:8","x:15,y:2","[(6, 3), (4, 1), (0, 2), (5, 7)]",38.695489146738105,48.34687329046741,1.2494188432954045
"x:17,y:19","x:17,y:5","x:7,y:9","x:10,y:10","x:17,y:12","x:14,y:18","x:5,y:3","x:0,y:9","[(6, 3), (4, 1), (0, 2), (5, 7)]",40.92922052995404,44.1957078177153,1.0798081968204278
"x:2,y:17","x:9,y:12","x:3,y:0","x:15,y:1","x:16,y:10","x:10,y:16","x:17,y:20","x:19,y:18","[(6, 3), (4, 1), (0, 2), (5, 7)]",58.1382838680437,65.11035240315242,1.1199221592252913
"x:1,y:15","x:18,y:8","x:9,y:14","x:5,y:19","x:0,y:16","x:20,y:6","x:7,y:9","x:1,y:5","[(6, 3), (4, 1), (0, 2), (5, 7)]",52.92717338168203,64.92586952266709,1.226702001530612
"x:10,y:11","x:12,y:0","x:20,y:3","x:20,y:6","x:17,y:4","x:6,y:18","x:19,y:8","x:1,y:13","[(6, 3), (4, 1), (0, 2), (5, 7)]",39.42162841577018,53.770483118547176,1.3639843222974752
"x:0,y:6","x:17,y:5","x:2,y:2","x:17,y:13","x:0,y:8","x:20,y:11","x:15,y:3","x:14,y:11","[(6, 3), (4, 1), (0, 2), (5, 7)]",40.31901768124108,50.403759373767976,1.2501236952808736
"x:8,y:5","x:15,y:18","x:11,y:5","x:20,y:4","x:0,y:8","x:13,y:3","x:16,y:17","x:8,y:12","[(6, 3), (4, 1), (0, 2), (5, 7)]",47.15508105870636,55.60436631256396,1.1791808022414074
"x:18,y:17","x:7,y:11","x:5,y:19","x:2,y:19","x:0,y:10","x:13,y:9","x:1,y:11","x:17,y:10","[(6, 3), (4, 1), (0, 2), (5, 7)]",37.48385675317749,49.35716184349543,1.3167578290702824
"x:16,y:5","x:17,y:0","x:17,y:13","x:14,y:17","x:13,y:4","x:0,y:6","x:8,y:3","x:18,y:16","[(6, 3), (4, 1), (0, 2), (5, 7)]",40.956987940298205,42.8937297937226,1.047287213997463
"x:8,y:17","x:7,y:16","x:13,y:12","x:6,y:16","x:13,y:11","x:10,y:13","x:9,y:4","x:18,y:16","[(6, 3), (4, 1), (0, 2), (5, 7)]",29.228453576721655,35.631577814154504,1.219071605024375
"x:1,y:1","x:1,y:4","x:19,y:12","x:5,y:20","x:13,y:13","x:7,y:16","x:16,y:0","x:9,y:15","[(6, 3), (4, 1), (0, 2), (5, 7)]",56.5457410961039,70.61119376932194,1.248744687054551
"x:0,y:0","x:11,y:18","x:4,y:8","x:17,y:2","x:19,y:8","x:11,y:15","x:19,y:20","x:7,y:10","[(6, 3), (4, 1), (0, 2), (5, 7)]",49.32996246933378,54.82332284255295,1.1113595084657553
"x:14,y:5","x:19,y:13","x:11,y:10","x:3,y:4","x:8,y:2","x:20,y:8","x:1,y:2","x:12,y:7","[(6, 3), (4, 1), (0, 2), (5, 7)]",36.82139226875742,40.26637650048217,1.0935593148292706
"x:13,y:19","x:18,y:8","x:14,y:17","x:13,y:18","x:0,y:4","x:3,y:2","x:12,y:8","x:5,y:17","[(6, 3), (4, 1), (0, 2), (5, 7)]",44.434312993850085,53.010638036826116,1.1930113118697938
"x:0,y:1","x:1,y:5","x:5,y:11","x:12,y:11","x:18,y:1","x:2,y:5","x:3,y:17","x:3,y:0","[(6, 3), (4, 1), (0, 2), (5, 7)]",44.83025142339881,46.33733399513213,1.0336175355676613
"x:14,y:12","x:20,y:13","x:7,y:7","x:18,y:6","x:11,y:17","x:9,y:10","x:10,y:2","x:1,y:2","[(6, 3), (4, 1), (0, 2), (5, 7)]",48.26379132155745,50.08530791050891,1.0377408516628046
"x:20,y:3","x:5,y:16","x:6,y:16","x:7,y:9","x:16,y:4","x:8,y:15","x:14,y:3","x:6,y:3","[(6, 3), (4, 1), (0, 2), (5, 7)]",34.445634949876954,38.359698498079574,1.1136301756056497
"x:10,y:6","x:14,y:10","x:17,y:1","x:0,y:13","x:16,y:17","x:13,y:14","x:2,y:11","x:14,y:8","[(6, 3), (4, 1), (0, 2), (5, 7)]",35.70261579158195,39.59990356162297,1.1091597263570794
"x:14,y:9","x:9,y:10","x:14,y:8","x:4,y:3","x:15,y:7","x:13,y:16","x:6,y:16","x:14,y:14","[(6, 3), (4, 1), (0, 2), (5, 7)]",31.669014671914248,33.97498014835426,1.0728145633935706
"x:0,y:6","x:18,y:6","x:6,y:4","x:6,y:11","x:16,y:19","x:2,y:5","x:17,y:0","x:8,y:20","[(6, 3), (4, 1), (0, 2), (5, 7)]",55.72057663411318,66.43167577473938,1.1922287920844785
"x:4,y:12","x:6,y:16","x:7,y:7","x:18,y:10","x:15,y:12","x:11,y:10","x:5,y:16","x:20,y:17","[(6, 3), (4, 1), (0, 2), (5, 7)]",43.16831075741542,51.352854195107774,1.1895961017257646
"x:20,y:9","x:13,y:15","x:1,y:9","x:3,y:15","x:5,y:17","x:0,y:16","x:19,y:12","x:15,y:9","[(6, 3), (4, 1), (0, 2), (5, 7)]",45.29822128134703,45.864822998169366,1.012508255308816
"x:18,y:7","x:19,y:15","x:1,y:5","x:4,y:12","x:19,y:17","x:18,y:18","x:4,y:6","x:7,y:14","[(6, 3), (4, 1), (0, 2), (5, 7)]",38.88674240872509,45.0883019522159,1.1594774763673532
"x:19,y:7","x:0,y:0","x:17,y:6","x:8,y:15","x:8,y:0","x:11,y:4","x:12,y:13","x:19,y:6","[(6, 3), (4, 1), (0, 2), (5, 7)]",36.65278090652913,48.01623573262923,1.3100298134288597
"x:13,y:13","x:11,y:14","x:11,y:9","x:0,y:12","x:9,y:19","x:0,y:20","x:4,y:13","x:10,y:19","[(6, 3), (4, 1), (0, 2), (5, 7)]",33.056782021712706,37.166054097346176,1.1243095009349178
"x:13,y:20","x:10,y:1","x:9,y:18","x:3,y:16","x:9,y:6","x:7,y:12","x:13,y:7","x:20,y:20","[(6, 3), (4, 1), (0, 2), (5, 7)]",46.79699578195726,61.153356056895596,1.3067795279387033
"x:19,y:1","x:2,y:12","x:12,y:2","x:1,y:18","x:4,y:4","x:19,y:14","x:8,y:10","x:13,y:15","[(6, 3), (4, 1), (0, 2), (5, 7)]",48.08952980682745,57.17400499471803,1.1889075485741352
"x:3,y:10","x:19,y:0","x:14,y:6","x:11,y:16","x:16,y:3","x:5,y:9","x:19,y:8","x:15,y:2","[(6, 3), (4, 1), (0, 2), (5, 7)]",37.68417978908056,39.945948032875954,1.0600190386643566
"x:0,y:15","x:19,y:10","x:9,y:11","x:4,y:3","x:20,y:3","x:4,y:15","x:13,y:16","x:8,y:8","[(6, 3), (4, 1), (0, 2), (5, 7)]",41.927999558570974,46.14485470615786,1.1005737261968862
"x:3,y:16","x:18,y:19","x:7,y:10","x:16,y:9","x:0,y:3","x:10,y:5","x:10,y:16","x:10,y:2","[(6, 3), (4, 1), (0, 2), (5, 7)]",50.41330151749472,55.6371426752226,1.1036202946540818
"x:0,y:7","x:18,y:8","x:20,y:20","x:7,y:3","x:18,y:14","x:4,y:12","x:3,y:1","x:6,y:2","[(6, 3), (4, 1), (0, 2), (5, 7)]",47.20019377098894,62.33965161455757,1.320749908719102
"x:11,y:0","x:17,y:15","x:14,y:18","x:10,y:5","x:20,y:2","x:8,y:13","x:15,y:15","x:11,y:19","[(6, 3), (4, 1), (0, 2), (5, 7)]",41.61202613817165,57.15986874922312,1.3736382015964632
"x:13,y:10","x:10,y:0","x:6,y:2","x:2,y:10","x:11,y:4","x:3,y:1","x:13,y:9","x:11,y:17","[(6, 3), (4, 1), (0, 2), (5, 7)]",42.67923732194285,49.63632423198023,1.1630086980598529
"x:5,y:3","x:16,y:18","x:1,y:19","x:13,y:15","x:0,y:9","x:20,y:16","x:20,y:18","x:20,y:18","[(6, 3), (4, 1), (0, 2), (5, 7)]",45.92500654972901,55.63177749292512,1.2113613404210475
"x:4,y:12","x:17,y:13","x:4,y:1","x:11,y:15","x:18,y:19","x:14,y:19","x:7,y:1","x:16,y:18","[(6, 3), (4, 1), (0, 2), (5, 7)]",42.23492309343514,49.511080375517516,1.1722782178621596
"x:8,y:10","x:1,y:16","x:9,y:16","x:7,y:12","x:3,y:3","x:17,y:8","x:20,y:5","x:5,y:11","[(6, 3), (4, 1), (0, 2), (5, 7)]",37.055792543079505,37.0557925430795,0.9999999999999998
"x:20,y:14","x:16,y:12","x:11,y:6","x:16,y:10","x:18,y:8","x:4,y:10","x:12,y:10","x:4,y:11","[(6, 3), (4, 1), (0, 2), (5, 7)]",26.81569918038213,29.95066335996997,1.11690779190577
"x:3,y:9","x:8,y:10","x:6,y:18","x:12,y:4","x:8,y:1","x:18,y:9","x:8,y:1","x:6,y:18","[(6, 3), (4, 1), (0, 2), (5, 7)]",36.39610217000457,40.606208936876975,1.1156746606328114
"x:8,y:8","x:8,y:10","x:14,y:3","x:12,y:0","x:17,y:5","x:16,y:7","x:18,y:10","x:12,y:11","[(6, 3), (4, 1), (0, 2), (5, 7)]",31.50951603444404,39.55634430057757,1.2553777169200977
"x:18,y:11","x:4,y:2","x:4,y:7","x:15,y:5","x:12,y:5","x:3,y:20","x:6,y:16","x:3,y:19","[(6, 3), (4, 1), (0, 2), (5, 7)]",44.48459621022728,50.70083559405845,1.1397391437353772
"x:8,y:20","x:13,y:19","x:18,y:0","x:2,y:2","x:4,y:7","x:0,y:2","x:18,y:13","x:11,y:18","[(6, 3), (4, 1), (0, 2), (5, 7)]",60.50046337219919,73.43931017297648,1.2138635983856425
"x:18,y:9","x:4,y:8","x:13,y:15","x:6,y:12","x:7,y:6","x:13,y:1","x:3,y:17","x:4,y:4","[(6, 3), (4, 1), (0, 2), (5, 7)]",40.75046285845008,41.14491158298608,1.0096796133557098
"x:3,y:3","x:20,y:15","x:18,y:16","x:12,y:8","x:1,y:13","x:11,y:18","x:20,y:10","x:19,y:11","[(6, 3), (4, 1), (0, 2), (5, 7)]",43.162939328807546,43.162939328807546,1.0
"x:10,y:8","x:17,y:10","x:5,y:16","x:11,y:15","x:9,y:13","x:17,y:9","x:17,y:3","x:11,y:0","[(6, 3), (4, 1), (0, 2), (5, 7)]",43.34291503861938,47.258177878007004,1.0903322454407842
"x:16,y:8","x:19,y:8","x:5,y:0","x:0,y:2","x:17,y:3","x:17,y:4","x:12,y:8","x:9,y:17","[(6, 3), (4, 1), (0, 2), (5, 7)]",45.73363396507431,59.187258012148014,1.2941735191510895
"x:6,y:14","x:17,y:9","x:5,y:13","x:14,y:19","x:4,y:5","x:6,y:11","x:20,y:20","x:15,y:11","[(6, 3), (4, 1), (0, 2), (5, 7)]",35.9482842635526,36.712216286052815,1.0212508618464096
"x:7,y:3","x:7,y:0","x:6,y:18","x:2,y:18","x:8,y:12","x:17,y:0","x:13,y:15","x:18,y:13","[(6, 3), (4, 1), (0, 2), (5, 7)]",55.79081099156016,70.13607900397206,1.2571259990212726
"x:1,y:2","x:11,y:13","x:20,y:4","x:20,y:13","x:9,y:6","x:10,y:6","x:6,y:14","x:2,y:18","[(6, 3), (4, 1), (0, 2), (5, 7)]",54.745606414728414,60.31918234333186,1.1018086435353462
"x:16,y:13","x:13,y:9","x:20,y:11","x:6,y:6","x:4,y:19","x:19,y:17","x:14,y:5","x:12,y:16","[(6, 3), (4, 1), (0, 2), (5, 7)]",40.83491307112311,43.897154055529626,1.074990755559414
"x:8,y:7","x:12,y:8","x:3,y:4","x:8,y:15","x:20,y:12","x:2,y:6","x:12,y:16","x:16,y:11","[(6, 3), (4, 1), (0, 2), (5, 7)]",37.67593861032805,41.4605655471824,1.100452094266256
"x:11,y:19","x:16,y:1","x:4,y:6","x:8,y:17","x:14,y:17","x:0,y:11","x:19,y:4","x:19,y:14","[(6, 3), (4, 1), (0, 2), (5, 7)]",63.93139300260378,83.61466257441339,1.3078811308085834
"x:4,y:5","x:4,y:3","x:13,y:2","x:15,y:13","x:15,y:7","x:10,y:4","x:11,y:4","x:13,y:6","[(6, 3), (4, 1), (0, 2), (5, 7)]",31.782861310729004,40.670990054835876,1.2796516228419776
"x:7,y:8","x:4,y:11","x:5,y:8","x:17,y:20","x:7,y:10","x:19,y:7","x:8,y:7","x:4,y:9","[(6, 3), (4, 1), (0, 2), (5, 7)]",36.68141000438038,40.92405069149967,1.1156618757733863
"x:15,y:2","x:2,y:17","x:1,y:10","x:18,y:14","x:9,y:8","x:1,y:8","x:17,y:8","x:0,y:13","[(6, 3), (4, 1), (0, 2), (5, 7)]",39.80414423877437,48.48127811580446,1.217995739965625
"x:3,y:3","x:13,y:7","x:14,y:0","x:15,y:13","x:4,y:0","x:2,y:15","x:10,y:20","x:15,y:16","[(6, 3), (4, 1), (0, 2), (5, 7)]",45.39500616186007,45.39500616186007,1.0
"x:18,y:4","x:13,y:16","x:7,y:20","x:0,y:0","x:12,y:17","x:16,y:19","x:15,y:7","x:7,y:20","[(6, 3), (4, 1), (0, 2), (5, 7)]",45.283392188703814,63.036430285755515,1.3920430259082996
"x:3,y:10","x:16,y:6","x:9,y:17","x:5,y:20","x:14,y:13","x:5,y:20","x:1,y:17","x:19,y:14","[(6, 3), (4, 1), (0, 2), (5, 7)]",41.81395476745064,53.742569059974684,1.285278308614082
"x:20,y:9","x:14,y:9","x:19,y:6","x:12,y:3","x:10,y:2","x:20,y:15","x:11,y:14","x:12,y:2","[(6, 3), (4, 1), (0, 2), (5, 7)]",31.886439198157525,33.866875604154124,1.062109048730378
"x:3,y:12","x:20,y:14","x:0,y:3","x:8,y:7","x:6,y:19","x:20,y:20","x:14,y:7","x:20,y:0","[(6, 3), (4, 1), (0, 2), (5, 7)]",60.25928710284592,73.56587578834774,1.2208222055928268
"x:13,y:7","x:9,y:11","x:6,y:12","x:20,y:4","x:7,y:13","x:16,y:14","x:6,y:4","x:8,y:6","[(6, 3), (4, 1), (0, 2), (5, 7)]",38.88487994491496,42.07918027545918,1.082147619719267
"x:20,y:0","x:20,y:18","x:9,y:8","x:9,y:2","x:7,y:5","x:7,y:2","x:6,y:2","x:15,y:4","[(6, 3), (4, 1), (0, 2), (5, 7)]",43.639663074982394,55.59235068623851,1.2738950479686062
"x:8,y:12","x:0,y:6","x:14,y:11","x:9,y:19","x:13,y:9","x:13,y:1","x:1,y:15","x:13,y:0","[(6, 3), (4, 1), (0, 2), (5, 7)]",46.675834293788974,60.41803021459419,1.2944177887492812
"x:14,y:5","x:18,y:11","x:17,y:6","x:1,y:16","x:14,y:0","x:11,y:20","x:11,y:14","x:1,y:6","[(6, 3), (4, 1), (0, 2), (5, 7)]",47.91808417385492,54.75639474172509,1.142708346666357
"x:18,y:2","x:3,y:14","x:3,y:19","x:16,y:11","x:12,y:17","x:6,y:14","x:2,y:17","x:5,y:20","[(6, 3), (4, 1), (0, 2), (5, 7)]",45.37097739987088,57.74435692606274,1.272715736695306
"x:5,y:9","x:2,y:2","x:20,y:19","x:7,y:1","x:19,y:5","x:6,y:1","x:19,y:17","x:13,y:11","[(6, 3), (4, 1), (0, 2), (5, 7)]",57.483260064598255,65.41228404477071,1.1379362264990194
"x:8,y:6","x:1,y:12","x:4,y:12","x:9,y:5","x:6,y:0","x:7,y:9","x:9,y:14","x:10,y:4","[(6, 3), (4, 1), (0, 2), (5, 7)]",27.447291221204537,29.22138575814501,1.064636416127282
"x:8,y:1","x:16,y:14","x:9,y:18","x:2,y:17","x:18,y:10","x:16,y:7","x:11,y:14","x:2,y:2","[(6, 3), (4, 1), (0, 2), (5, 7)]",51.047745191883564,67.28533028160803,1.3180862353212457
"x:3,y:5","x:2,y:12","x:14,y:5","x:11,y:14","x:16,y:19","x:8,y:13","x:14,y:12","x:13,y:19","[(6, 3), (4, 1), (0, 2), (5, 7)]",41.660841141837246,48.930438992430375,1.1744947449775023
"x:11,y:15","x:7,y:11","x:4,y:19","x:9,y:17","x:1,y:10","x:2,y:7","x:0,y:10","x:20,y:6","[(6, 3), (4, 1), (0, 2), (5, 7)]",42.14324274915962,51.27621680931077,1.216712655798972
"x:0,y:2","x:8,y:5","x:0,y:12","x:19,y:6","x:15,y:4","x:10,y:0","x:19,y:2","x:20,y:17","[(6, 3), (4, 1), (0, 2), (5, 7)]",50.51773333650435,62.5224474179495,1.2376336642319319
"x:5,y:13","x:12,y:2","x:15,y:16","x:13,y:13","x:1,y:7","x:9,y:20","x:4,y:14","x:2,y:1","[(6, 3), (4, 1), (0, 2), (5, 7)]",47.66698126163786,55.46210152891721,1.1635329123212765
"x:13,y:3","x:10,y:19","x:8,y:6","x:4,y:15","x:14,y:5","x:14,y:12","x:5,y:15","x:6,y:6","[(6, 3), (4, 1), (0, 2), (5, 7)]",35.010810622153926,35.982948254804526,1.0277667844695793
"x:19,y:12","x:9,y:0","x:8,y:15","x:8,y:16","x:13,y:19","x:17,y:12","x:10,y:10","x:15,y:20","[(6, 3), (4, 1), (0, 2), (5, 7)]",42.66684118729693,56.79343352038554,1.3310906535376348
"x:3,y:17","x:7,y:11","x:5,y:11","x:5,y:20","x:15,y:3","x:14,y:3","x:16,y:2","x:6,y:1","[(6, 3), (4, 1), (0, 2), (5, 7)]",33.904239908393926,40.31929569953466,1.1892110192847154
"x:12,y:16","x:18,y:1","x:9,y:11","x:18,y:12","x:20,y:16","x:9,y:15","x:2,y:16","x:2,y:2","[(6, 3), (4, 1), (0, 2), (5, 7)]",55.043616388217266,62.91427877825759,1.1429895582174199
"x:12,y:19","x:15,y:13","x:10,y:13","x:19,y:13","x:17,y:20","x:18,y:8","x:15,y:16","x:7,y:3","[(6, 3), (4, 1), (0, 2), (5, 7)]",38.753220955779724,42.880613017821105,1.1065044907299715
"x:12,y:13","x:17,y:9","x:7,y:18","x:1,y:13","x:15,y:0","x:12,y:1","x:15,y:3","x:0,y:20","[(6, 3), (4, 1), (0, 2), (5, 7)]",47.68764775467889,51.09077199211174,1.0713628035280678
"x:19,y:8","x:10,y:4","x:20,y:19","x:18,y:17","x:14,y:18","x:17,y:10","x:9,y:20","x:3,y:5","[(6, 3), (4, 1), (0, 2), (5, 7)]",49.03368838261083,61.46959878033839,1.2536197216226097
"x:17,y:11","x:0,y:13","x:1,y:3","x:12,y:5","x:18,y:1","x:10,y:1","x:14,y:19","x:9,y:5","[(6, 3), (4, 1), (0, 2), (5, 7)]",52.76423258988278,54.01307186441229,1.0236682921977902
"x:10,y:17","x:12,y:6","x:1,y:4","x:4,y:14","x:4,y:2","x:20,y:20","x:17,y:3","x:0,y:18","[(6, 3), (4, 1), (0, 2), (5, 7)]",56.99752807205265,63.06718450141539,1.106489818675818
"x:20,y:20","x:2,y:13","x:3,y:5","x:15,y:5","x:18,y:19","x:17,y:16","x:16,y:16","x:17,y:2","[(6, 3), (4, 1), (0, 2), (5, 7)]",46.199523169253034,47.33561804752509,1.0245910520355361
"x:7,y:11","x:19,y:14","x:1,y:2","x:1,y:16","x:20,y:7","x:8,y:16","x:10,y:7","x:6,y:20","[(6, 3), (4, 1), (0, 2), (5, 7)]",52.51389451370768,56.973115851388364,1.0849150758856152
"x:9,y:10","x:2,y:7","x:4,y:3","x:9,y:7","x:4,y:16","x:0,y:14","x:18,y:10","x:18,y:1","[(6, 3), (4, 1), (0, 2), (5, 7)]",46.05377358523003,52.90391794572243,1.1487423033384025
"x:7,y:17","x:14,y:18","x:7,y:15","x:11,y:11","x:14,y:4","x:14,y:15","x:15,y:4","x:6,y:12","[(6, 3), (4, 1), (0, 2), (5, 7)]",29.224535408466927,36.20763600494568,1.2389465050128943
"x:11,y:19","x:4,y:8","x:18,y:12","x:19,y:14","x:14,y:16","x:16,y:14","x:7,y:13","x:13,y:12","[(6, 3), (4, 1), (0, 2), (5, 7)]",35.47648817819919,38.25833890142875,1.078413926126404
"x:13,y:4","x:10,y:19","x:10,y:14","x:17,y:16","x:8,y:14","x:9,y:11","x:16,y:6","x:16,y:4","[(6, 3), (4, 1), (0, 2), (5, 7)]",36.102364300499424,45.84741384965472,1.2699282924531479
"x:20,y:19","x:5,y:12","x:15,y:7","x:0,y:0","x:4,y:4","x:15,y:14","x:4,y:19","x:3,y:2","[(6, 3), (4, 1), (0, 2), (5, 7)]",51.17298384031337,68.3272729392272,1.3352215917767123
"x:20,y:12","x:2,y:16","x:19,y:15","x:20,y:5","x:19,y:20","x:17,y:8","x:5,y:5","x:16,y:6","[(6, 3), (4, 1), (0, 2), (5, 7)]",48.03106147704607,51.791816963593256,1.0782984046343518
"x:7,y:6","x:16,y:11","x:14,y:5","x:8,y:17","x:3,y:7","x:14,y:7","x:5,y:13","x:2,y:1","[(6, 3), (4, 1), (0, 2), (5, 7)]",44.259691943155396,47.94733192202055,1.0833182477546692
"x:18,y:13","x:14,y:19","x:11,y:8","x:11,y:8","x:1,y:20","x:17,y:6","x:16,y:7","x:0,y:4","[(6, 3), (4, 1), (0, 2), (5, 7)]",44.79199566835554,50.44884991784792,1.1262916323571805
"x:11,y:6","x:8,y:3","x:2,y:20","x:0,y:16","x:13,y:20","x:8,y:1","x:2,y:0","x:12,y:4","[(6, 3), (4, 1), (0, 2), (5, 7)]",51.32278294782142,65.1437721855369,1.26929539755798
"x:12,y:6","x:5,y:17","x:16,y:2","x:15,y:8","x:1,y:12","x:1,y:20","x:18,y:12","x:13,y:16","[(6, 3), (4, 1), (0, 2), (5, 7)]",40.13091174812062,41.97399876192309,1.045926866186607
"x:2,y:3","x:5,y:20","x:2,y:11","x:17,y:18","x:18,y:5","x:20,y:17","x:11,y:1","x:15,y:0","[(6, 3), (4, 1), (0, 2), (5, 7)]",67.36073157415639,81.81472981060111,1.2145760281794524
"x:14,y:2","x:4,y:2","x:1,y:0","x:10,y:15","x:0,y:11","x:9,y:4","x:19,y:16","x:11,y:11","[(6, 3), (4, 1), (0, 2), (5, 7)]",44.68333934456469,49.2981745374302,1.103278655099596
"x:3,y:4","x:17,y:15","x:19,y:14","x:10,y:7","x:3,y:10","x:14,y:19","x:4,y:9","x:5,y:18","[(6, 3), (4, 1), (0, 2), (5, 7)]",39.554644618181776,53.944973328167094,1.363808823183577
"x:9,y:17","x:1,y:3","x:9,y:19","x:6,y:17","x:17,y:3","x:18,y:20","x:13,y:12","x:20,y:18","[(6, 3), (4, 1), (0, 2), (5, 7)]",48.001863049431066,48.43331089179878,1.0089881478542495
"x:15,y:12","x:0,y:19","x:8,y:4","x:1,y:11","x:1,y:5","x:19,y:2","x:15,y:12","x:8,y:15","[(6, 3), (4, 1), (0, 2), (5, 7)]",51.14076402946466,60.11027861471608,1.1753887482025815
"x:7,y:20","x:19,y:4","x:3,y:19","x:14,y:17","x:14,y:2","x:4,y:10","x:8,y:13","x:20,y:15","[(6, 3), (4, 1), (0, 2), (5, 7)]",46.16035713306964,46.70506242706807,1.0118002833563045
"x:0,y:18","x:6,y:5","x:8,y:8","x:15,y:20","x:11,y:20","x:7,y:13","x:17,y:17","x:13,y:2","[(6, 3), (4, 1), (0, 2), (5, 7)]",44.79440139354892,50.48292217517566,1.1269917803265026
"x:20,y:8","x:15,y:4","x:17,y:13","x:20,y:15","x:8,y:7","x:18,y:4","x:3,y:16","x:19,y:5","[(6, 3), (4, 1), (0, 2), (5, 7)]",34.924397639701674,36.234255934532875,1.0375055371990773
"x:16,y:7","x:4,y:8","x:10,y:18","x:18,y:6","x:5,y:19","x:1,y:4","x:0,y:14","x:18,y:13","[(6, 3), (4, 1), (0, 2), (5, 7)]",54.950177638865064,62.72677943132009,1.1415209581953163
"x:19,y:7","x:12,y:11","x:18,y:5","x:11,y:15","x:17,y:13","x:6,y:17","x:2,y:8","x:0,y:5","[(6, 3), (4, 1), (0, 2), (5, 7)]",41.561480631282656,52.14859190669836,1.2547337369748794
"x:5,y:7","x:20,y:6","x:11,y:16","x:12,y:17","x:18,y:0","x:8,y:5","x:10,y:18","x:2,y:7","[(6, 3), (4, 1), (0, 2), (5, 7)]",40.85066600913932,44.17522132947607,1.0813831363139335
"x:20,y:7","x:10,y:18","x:19,y:2","x:15,y:3","x:9,y:1","x:12,y:3","x:7,y:6","x:15,y:8","[(6, 3), (4, 1), (0, 2), (5, 7)]",38.66992009186398,41.48378540061556,1.072766256099495
"x:9,y:9","x:20,y:12","x:4,y:13","x:15,y:17","x:1,y:2","x:13,y:14","x:4,y:5","x:11,y:17","[(6, 3), (4, 1), (0, 2), (5, 7)]",37.909093282749126,37.909093282749126,1.0
"x:11,y:14","x:14,y:2","x:13,y:20","x:6,y:20","x:20,y:15","x:7,y:2","x:15,y:18","x:9,y:9","[(6, 3), (4, 1), (0, 2), (5, 7)]",46.64012686583348,57.1932377962427,1.2262667715455973
"x:15,y:16","x:3,y:20","x:13,y:19","x:19,y:7","x:2,y:12","x:0,y:7","x:11,y:5","x:8,y:7","[(6, 3), (4, 1), (0, 2), (5, 7)]",46.75359415939246,60.36565014711013,1.2911445896824834
"x:3,y:12","x:7,y:17","x:4,y:7","x:2,y:9","x:20,y:8","x:2,y:13","x:16,y:19","x:15,y:13","[(6, 3), (4, 1), (0, 2), (5, 7)]",45.03539670730328,51.35763224360306,1.1403836981250466
"x:19,y:19","x:6,y:2","x:3,y:2","x:3,y:16","x:16,y:13","x:2,y:4","x:2,y:7","x:18,y:11","[(6, 3), (4, 1), (0, 2), (5, 7)]",50.0,65.5773890897627,1.311547781795254
"x:20,y:5","x:10,y:12","x:3,y:6","x:19,y:13","x:4,y:14","x:20,y:19","x:20,y:13","x:20,y:15","[(6, 3), (4, 1), (0, 2), (5, 7)]",38.44219820677273,44.042108509000556,1.145670917987235
"x:15,y:11","x:12,y:20","x:4,y:20","x:13,y:3","x:6,y:1","x:19,y:9","x:19,y:12","x:20,y:7","[(6, 3), (4, 1), (0, 2), (5, 7)]",51.29764180996989,57.27718756378248,1.1165657044423911
"x:15,y:12","x:10,y:7","x:5,y:10","x:5,y:12","x:1,y:7","x:2,y:17","x:10,y:0","x:19,y:3","[(6, 3), (4, 1), (0, 2), (5, 7)]",46.800753129627765,46.800753129627765,1.0
"x:12,y:2","x:11,y:9","x:8,y:2","x:17,y:13","x:4,y:7","x:13,y:16","x:0,y:6","x:6,y:15","[(6, 3), (4, 1), (0, 2), (5, 7)]",40.87946803770944,44.036563578837615,1.0772293694775066
"x:1,y:13","x:15,y:2","x:10,y:13","x:14,y:3","x:11,y:13","x:13,y:8","x:17,y:11","x:18,y:7","[(6, 3), (4, 1), (0, 2), (5, 7)]",31.12052302231083,36.828369291538465,1.1834110006806629
"x:20,y:16","x:7,y:6","x:11,y:3","x:3,y:5","x:18,y:12","x:11,y:2","x:0,y:5","x:17,y:5","[(6, 3), (4, 1), (0, 2), (5, 7)]",31.37451332498209,36.82209188741207,1.1736306952717677
"x:8,y:17","x:13,y:11","x:12,y:16","x:17,y:16","x:20,y:5","x:4,y:2","x:8,y:5","x:10,y:13","[(6, 3), (4, 1), (0, 2), (5, 7)]",38.364002309745175,38.36400230974518,1.0000000000000002
"x:8,y:4","x:18,y:12","x:10,y:3","x:19,y:15","x:9,y:5","x:16,y:15","x:0,y:18","x:19,y:17","[(6, 3), (4, 1), (0, 2), (5, 7)]",39.02570175187454,39.025701751874536,0.9999999999999998
"x:11,y:20","x:3,y:18","x:3,y:8","x:5,y:8","x:0,y:17","x:1,y:12","x:1,y:4","x:11,y:6","[(6, 3), (4, 1), (0, 2), (5, 7)]",38.57076657157208,39.86203443623242,1.033477889589367
"x:7,y:7","x:2,y:2","x:4,y:7","x:16,y:1","x:13,y:18","x:14,y:14","x:14,y:18","x:6,y:4","[(6, 3), (4, 1), (0, 2), (5, 7)]",39.00407422456186,39.09732068630783,1.0023906851681472
"x:19,y:4","x:18,y:3","x:7,y:1","x:13,y:16","x:5,y:16","x:8,y:19","x:5,y:10","x:1,y:5","[(6, 3), (4, 1), (0, 2), (5, 7)]",56.720701414617174,67.38652012048267,1.188041022763461
"x:13,y:3","x:18,y:20","x:8,y:6","x:9,y:12","x:4,y:9","x:8,y:7","x:1,y:15","x:2,y:12","[(6, 3), (4, 1), (0, 2), (5, 7)]",44.220029449875454,51.16595168788281,1.157076382001978
"x:2,y:14","x:0,y:16","x:19,y:18","x:12,y:4","x:11,y:9","x:8,y:14","x:11,y:14","x:18,y:17","[(6, 3), (4, 1), (0, 2), (5, 7)]",46.77122762755603,68.68369286555597,1.4685031022168393
"x:0,y:2","x:4,y:19","x:7,y:14","x:14,y:4","x:12,y:3","x:4,y:18","x:11,y:19","x:10,y:17","[(6, 3), (4, 1), (0, 2), (5, 7)]",44.98704170264524,57.80791298751801,1.2849903172032513
"x:19,y:6","x:6,y:17","x:5,y:19","x:19,y:18","x:3,y:2","x:4,y:19","x:5,y:11","x:7,y:12","[(6, 3), (4, 1), (0, 2), (5, 7)]",48.85958363338251,53.47141943581003,1.0943895845906586
"x:4,y:0","x:7,y:4","x:4,y:18","x:6,y:15","x:1,y:20","x:20,y:16","x:4,y:10","x:0,y:8","[(6, 3), (4, 1), (0, 2), (5, 7)]",49.16632990897881,57.379254947673594,1.1670436872937089
"x:9,y:18","x:11,y:20","x:0,y:2","x:6,y:10","x:11,y:13","x:10,y:7","x:12,y:10","x:6,y:15","[(6, 3), (4, 1), (0, 2), (5, 7)]",41.38888887514183,46.220622832647,1.1167398808912483
"x:13,y:20","x:7,y:11","x:12,y:8","x:4,y:20","x:6,y:16","x:10,y:20","x:10,y:3","x:6,y:5","[(6, 3), (4, 1), (0, 2), (5, 7)]",42.53095644000399,43.700424914051354,1.0274968769088715
"x:17,y:2","x:13,y:2","x:18,y:3","x:19,y:4","x:1,y:18","x:1,y:7","x:13,y:11","x:13,y:13","[(6, 3), (4, 1), (0, 2), (5, 7)]",41.697082222712595,50.29419159181168,1.206180118867315
"x:5,y:3","x:14,y:18","x:8,y:3","x:20,y:12","x:19,y:18","x:7,y:17","x:18,y:12","x:5,y:6","[(6, 3), (4, 1), (0, 2), (5, 7)]",37.33417022966265,39.73668907360299,1.0643517407554834
"x:9,y:3","x:6,y:14","x:7,y:3","x:6,y:2","x:3,y:16","x:8,y:11","x:16,y:0","x:4,y:6","[(6, 3), (4, 1), (0, 2), (5, 7)]",28.886854143717112,28.886854143717112,1.0
"x:11,y:1","x:12,y:3","x:0,y:14","x:14,y:6","x:11,y:6","x:8,y:1","x:13,y:18","x:6,y:7","[(6, 3), (4, 1), (0, 2), (5, 7)]",38.98403999409011,41.8256592470539,1.072891861730969
"x:6,y:10","x:3,y:17","x:15,y:12","x:6,y:8","x:2,y:1","x:6,y:0","x:19,y:8","x:10,y:0","[(6, 3), (4, 1), (0, 2), (5, 7)]",47.61565347460164,47.61565347460164,1.0
"x:9,y:16","x:5,y:2","x:6,y:3","x:14,y:17","x:0,y:15","x:4,y:15","x:16,y:17","x:5,y:15","[(6, 3), (4, 1), (0, 2), (5, 7)]",35.675352598458275,39.82975725018848,1.1164502758666424
"x:16,y:11","x:1,y:14","x:20,y:13","x:20,y:16","x:6,y:9","x:18,y:0","x:2,y:6","x:3,y:20","[(6, 3), (4, 1), (0, 2), (5, 7)]",51.914167722019265,66.85834333111742,1.2878631453579024
"x:8,y:6","x:12,y:17","x:3,y:3","x:1,y:20","x:7,y:5","x:3,y:17","x:14,y:0","x:14,y:14","[(6, 3), (4, 1), (0, 2), (5, 7)]",47.46034752618038,61.925382912929244,1.3047814889844531
"x:5,y:0","x:12,y:18","x:8,y:7","x:13,y:10","x:11,y:11","x:13,y:12","x:3,y:13","x:8,y:9","[(6, 3), (4, 1), (0, 2), (5, 7)]",30.93158440812601,38.25124241705357,1.2366402545808362
"x:10,y:7","x:12,y:0","x:15,y:11","x:13,y:11","x:13,y:14","x:12,y:4","x:11,y:1","x:4,y:20","[(6, 3), (4, 1), (0, 2), (5, 7)]",39.95092181027086,53.54656615709024,1.3403086519851994
"x:10,y:18","x:15,y:9","x:5,y:19","x:17,y:17","x:13,y:1","x:20,y:18","x:2,y:3","x:8,y:13","[(6, 3), (4, 1), (0, 2), (5, 7)]",48.206338679793966,49.381482119163806,1.0243773634661537
"x:6,y:14","x:5,y:16","x:11,y:11","x:16,y:17","x:8,y:11","x:16,y:7","x:6,y:19","x:14,y:6","[(6, 3), (4, 1), (0, 2), (5, 7)]",32.49681226384587,34.77524131544214,1.0701123861964492
"x:13,y:4","x:2,y:1","x:11,y:16","x:15,y:14","x:12,y:9","x:11,y:3","x:2,y:11","x:7,y:1","[(6, 3), (4, 1), (0, 2), (5, 7)]",42.75677158596974,52.22540351918958,1.221453388130148
"x:20,y:2","x:11,y:16","x:11,y:4","x:6,y:5","x:4,y:20","x:20,y:2","x:4,y:15","x:5,y:13","[(6, 3), (4, 1), (0, 2), (5, 7)]",39.38735137748193,45.456596701580594,1.1540912275601376
"x:11,y:12","x:11,y:4","x:3,y:3","x:5,y:1","x:9,y:12","x:16,y:15","x:15,y:1","x:1,y:9","[(6, 3), (4, 1), (0, 2), (5, 7)]",36.95620337871699,45.01846112701555,1.2181570889649773
"x:12,y:19","x:2,y:7","x:16,y:7","x:0,y:15","x:10,y:18","x:4,y:0","x:15,y:11","x:15,y:20","[(6, 3), (4, 1), (0, 2), (5, 7)]",61.91560362372617,64.81544337451656,1.0468353626722806
"x:5,y:11","x:20,y:14","x:6,y:1","x:10,y:9","x:19,y:6","x:0,y:16","x:2,y:18","x:0,y:8","[(6, 3), (4, 1), (0, 2), (5, 7)]",48.53790646552884,56.258875270660546,1.1590709069954441
"x:18,y:16","x:0,y:7","x:19,y:6","x:13,y:17","x:1,y:9","x:14,y:13","x:14,y:6","x:13,y:11","[(6, 3), (4, 1), (0, 2), (5, 7)]",40.81064226233457,41.221969860548754,1.0100789297940997
"x:7,y:1","x:12,y:3","x:9,y:7","x:13,y:19","x:8,y:17","x:14,y:8","x:5,y:13","x:11,y:7","[(6, 3), (4, 1), (0, 2), (5, 7)]",37.82104115705078,45.7657847312287,1.2100614718983436
"x:2,y:20","x:2,y:17","x:2,y:3","x:6,y:17","x:20,y:15","x:20,y:9","x:7,y:20","x:9,y:15","[(6, 3), (4, 1), (0, 2), (5, 7)]",46.190237011223836,50.2625981921248,1.0881649769389885
"x:16,y:20","x:16,y:5","x:11,y:13","x:11,y:13","x:11,y:6","x:16,y:10","x:8,y:17","x:12,y:14","[(6, 3), (4, 1), (0, 2), (5, 7)]",29.381189876386234,33.815171008442846,1.1509122384325292
"x:2,y:9","x:13,y:3","x:2,y:9","x:13,y:3","x:16,y:15","x:13,y:12","x:8,y:5","x:0,y:10","[(6, 3), (4, 1), (0, 2), (5, 7)]",31.44429289953453,43.92226799862031,1.3968279757141715
"x:6,y:5","x:4,y:4","x:4,y:8","x:3,y:3","x:16,y:1","x:1,y:4","x:6,y:15","x:3,y:2","[(6, 3), (4, 1), (0, 2), (5, 7)]",28.54234029638619,28.542340296386193,1.0000000000000002
"x:14,y:18","x:7,y:9","x:10,y:1","x:7,y:13","x:14,y:1","x:14,y:0","x:9,y:17","x:4,y:3","[(6, 3), (4, 1), (0, 2), (5, 7)]",35.72663145002586,38.60952225098979,1.0806930484055428
"x:14,y:10","x:12,y:14","x:13,y:16","x:12,y:12","x:14,y:12","x:3,y:5","x:10,y:12","x:16,y:0","[(6, 3), (4, 1), (0, 2), (5, 7)]",33.613100679531165,34.28693286916469,1.0200467132163102
"x:3,y:9","x:14,y:0","x:9,y:15","x:15,y:15","x:4,y:6","x:17,y:18","x:19,y:1","x:12,y:19","[(6, 3), (4, 1), (0, 2), (5, 7)]",42.113053126747104,63.3462525963271,1.5041952053600747
"x:19,y:19","x:5,y:14","x:12,y:19","x:4,y:14","x:14,y:11","x:16,y:15","x:6,y:12","x:10,y:15","[(6, 3), (4, 1), (0, 2), (5, 7)]",27.837194136991325,27.93621365058411,1.0035570939048488
"x:9,y:10","x:2,y:11","x:17,y:8","x:12,y:19","x:8,y:5","x:5,y:0","x:14,y:5","x:14,y:12","[(6, 3), (4, 1), (0, 2), (5, 7)]",46.941573923192486,54.847940462631975,1.168429941279263
"x:0,y:18","x:19,y:11","x:18,y:6","x:4,y:12","x:2,y:3","x:14,y:11","x:11,y:18","x:4,y:20","[(6, 3), (4, 1), (0, 2), (5, 7)]",58.39086507135202,67.38048929482456,1.1539560034345693
"x:19,y:12","x:2,y:4","x:13,y:3","x:5,y:5","x:8,y:17","x:1,y:4","x:20,y:2","x:7,y:14","[(6, 3), (4, 1), (0, 2), (5, 7)]",45.12039199952013,57.52034021595907,1.2748191597398093
"x:7,y:10","x:2,y:18","x:6,y:9","x:9,y:18","x:14,y:10","x:2,y:4","x:0,y:5","x:9,y:17","[(6, 3), (4, 1), (0, 2), (5, 7)]",33.935840933628874,35.34296637210268,1.0414642867175692
"x:9,y:13","x:12,y:6","x:17,y:0","x:15,y:17","x:8,y:10","x:14,y:2","x:4,y:12","x:2,y:0","[(6, 3), (4, 1), (0, 2), (5, 7)]",45.87390771658863,61.74781543317725,1.3460334753834018
"x:2,y:9","x:14,y:5","x:16,y:5","x:15,y:12","x:18,y:17","x:0,y:3","x:13,y:15","x:12,y:17","[(6, 3), (4, 1), (0, 2), (5, 7)]",39.271517832974034,43.19304228349849,1.099856707021183
"x:0,y:4","x:4,y:12","x:2,y:1","x:4,y:13","x:13,y:5","x:3,y:20","x:9,y:18","x:17,y:16","[(6, 3), (4, 1), (0, 2), (5, 7)]",46.59341181989209,52.43537712431181,1.12538178845975
"x:10,y:9","x:9,y:7","x:8,y:9","x:3,y:4","x:19,y:0","x:10,y:2","x:20,y:16","x:16,y:17","[(6, 3), (4, 1), (0, 2), (5, 7)]",46.480488767084225,52.35738314146657,1.126437878134882
"x:13,y:20","x:3,y:8","x:4,y:7","x:8,y:8","x:1,y:3","x:14,y:2","x:19,y:5","x:11,y:20","[(6, 3), (4, 1), (0, 2), (5, 7)]",42.770025333827434,55.79367169007368,1.3045040599016353
"x:17,y:13","x:17,y:5","x:12,y:18","x:18,y:10","x:3,y:14","x:16,y:3","x:1,y:3","x:1,y:20","[(6, 3), (4, 1), (0, 2), (5, 7)]",56.57242971521757,57.59177818354152,1.018018467183667
"x:16,y:12","x:3,y:14","x:14,y:18","x:11,y:18","x:9,y:13","x:19,y:20","x:12,y:11","x:7,y:15","[(6, 3), (4, 1), (0, 2), (5, 7)]",30.784358503452772,30.784358503452776,1.0000000000000002
"x:11,y:12","x:3,y:11","x:19,y:4","x:0,y:14","x:0,y:15","x:11,y:18","x:9,y:4","x:19,y:12","[(6, 3), (4, 1), (0, 2), (5, 7)]",46.524442892710724,52.75914160323926,1.1340090997952683
"x:0,y:13","x:1,y:4","x:15,y:14","x:7,y:19","x:7,y:19","x:18,y:12","x:5,y:9","x:3,y:5","[(6, 3), (4, 1), (0, 2), (5, 7)]",50.04140710654853,67.92974720365376,1.3574707653407356
"x:6,y:20","x:4,y:14","x:17,y:18","x:2,y:2","x:17,y:18","x:7,y:15","x:3,y:15","x:10,y:5","[(6, 3), (4, 1), (0, 2), (5, 7)]",47.72695114067834,54.09178963114272,1.1333594193289993
"x:9,y:13","x:8,y:1","x:8,y:7","x:19,y:9","x:5,y:7","x:0,y:20","x:12,y:17","x:12,y:1","[(6, 3), (4, 1), (0, 2), (5, 7)]",46.11466259402425,51.7448084067589,1.1220901443495377
"x:12,y:5","x:11,y:12","x:19,y:14","x:19,y:19","x:17,y:18","x:13,y:20","x:3,y:10","x:20,y:0","[(6, 3), (4, 1), (0, 2), (5, 7)]",51.32485083077292,62.80997144894236,1.2237730930000734
"x:14,y:8","x:17,y:7","x:5,y:1","x:6,y:19","x:9,y:4","x:11,y:2","x:7,y:13","x:3,y:15","[(6, 3), (4, 1), (0, 2), (5, 7)]",47.11329864694269,50.993075454695855,1.0823499291957333
"x:7,y:0","x:4,y:20","x:15,y:10","x:0,y:16","x:5,y:0","x:0,y:19","x:11,y:4","x:0,y:2","[(6, 3), (4, 1), (0, 2), (5, 7)]",57.179777246303274,68.17977724630326,1.1923757057082824
"x:14,y:17","x:13,y:4","x:19,y:17","x:9,y:18","x:12,y:19","x:4,y:17","x:8,y:11","x:9,y:20","[(6, 3), (4, 1), (0, 2), (5, 7)]",40.19408848874574,42.6855177476736,1.0619849672576964
"x:17,y:8","x:5,y:19","x:11,y:18","x:20,y:3","x:20,y:1","x:9,y:17","x:11,y:20","x:2,y:12","[(6, 3), (4, 1), (0, 2), (5, 7)]",54.054511603702366,62.38278264139605,1.1540717100313835
"x:15,y:18","x:3,y:8","x:8,y:17","x:4,y:12","x:7,y:2","x:5,y:16","x:15,y:4","x:7,y:11","[(6, 3), (4, 1), (0, 2), (5, 7)]",37.09914818560086,37.09914818560085,0.9999999999999998
"x:11,y:7","x:7,y:15","x:9,y:3","x:3,y:18","x:4,y:18","x:2,y:0","x:15,y:2","x:0,y:7","[(6, 3), (4, 1), (0, 2), (5, 7)]",41.634498035934264,52.393751887963845,1.2584216061099953
"x:9,y:4","x:2,y:11","x:16,y:0","x:12,y:7","x:6,y:0","x:10,y:0","x:10,y:15","x:12,y:1","[(6, 3), (4, 1), (0, 2), (5, 7)]",38.67583107780934,44.71836455153233,1.1562353879756693
"x:11,y:1","x:1,y:9","x:8,y:2","x:16,y:0","x:3,y:4","x:5,y:12","x:1,y:16","x:4,y:19","[(6, 3), (4, 1), (0, 2), (5, 7)]",46.07886838129343,49.914009380577205,1.0832299302046384
"x:3,y:13","x:6,y:18","x:6,y:5","x:13,y:6","x:16,y:19","x:6,y:0","x:18,y:6","x:6,y:13","[(6, 3), (4, 1), (0, 2), (5, 7)]",43.120943432986365,43.120943432986365,1.0
"x:19,y:16","x:6,y:13","x:16,y:12","x:4,y:9","x:9,y:19","x:16,y:0","x:20,y:2","x:9,y:17","[(6, 3), (4, 1), (0, 2), (5, 7)]",41.546597177041775,41.546597177041775,1.0
"x:6,y:13","x:0,y:1","x:13,y:2","x:18,y:7","x:9,y:13","x:13,y:1","x:16,y:0","x:9,y:6","[(6, 3), (4, 1), (0, 2), (5, 7)]",41.71881126224254,51.703958654182095,1.23934400549367
"x:2,y:8","x:10,y:6","x:7,y:2","x:8,y:14","x:17,y:7","x:10,y:1","x:20,y:8","x:18,y:16","[(6, 3), (4, 1), (0, 2), (5, 7)]",44.53601765041116,53.6944010420951,1.205639926397851
"x:9,y:13","x:2,y:5","x:9,y:17","x:15,y:4","x:4,y:3","x:18,y:5","x:14,y:19","x:10,y:8","[(6, 3), (4, 1), (0, 2), (5, 7)]",38.32033418416415,41.74155219197736,1.0892794408151854
"x:2,y:13","x:17,y:19","x:20,y:12","x:11,y:13","x:4,y:17","x:17,y:4","x:2,y:15","x:7,y:9","[(6, 3), (4, 1), (0, 2), (5, 7)]",45.576925417746644,52.91920593519161,1.1610964418979006
"x:14,y:10","x:4,y:16","x:18,y:17","x:9,y:5","x:6,y:20","x:2,y:17","x:1,y:0","x:18,y:0","[(6, 3), (4, 1), (0, 2), (5, 7)]",56.8515519074433,69.9013987290767,1.229542490640873
"x:4,y:19","x:4,y:5","x:0,y:2","x:8,y:4","x:16,y:17","x:1,y:12","x:10,y:16","x:12,y:19","[(6, 3), (4, 1), (0, 2), (5, 7)]",49.11292665958233,57.74814777215164,1.1758237942613936
"x:18,y:4","x:6,y:5","x:13,y:19","x:12,y:12","x:0,y:3","x:20,y:5","x:5,y:15","x:5,y:1","[(6, 3), (4, 1), (0, 2), (5, 7)]",47.182501310233704,54.04480162050909,1.145441638737092
"x:8,y:20","x:17,y:17","x:9,y:15","x:17,y:12","x:9,y:11","x:2,y:9","x:11,y:12","x:1,y:19","[(6, 3), (4, 1), (0, 2), (5, 7)]",38.23125103571492,42.871911011486254,1.1213839424568168
"x:0,y:3","x:19,y:5","x:14,y:4","x:9,y:17","x:12,y:14","x:3,y:10","x:6,y:8","x:9,y:6","[(6, 3), (4, 1), (0, 2), (5, 7)]",42.646084920607585,53.866295217113304,1.2631005945186742
"x:18,y:11","x:20,y:3","x:7,y:14","x:11,y:16","x:3,y:9","x:16,y:4","x:20,y:0","x:1,y:14","[(6, 3), (4, 1), (0, 2), (5, 7)]",53.039181738135056,62.76508753886853,1.1833720936486576
"x:3,y:3","x:7,y:8","x:4,y:5","x:5,y:13","x:1,y:12","x:9,y:10","x:0,y:13","x:6,y:17","[(6, 3), (4, 1), (0, 2), (5, 7)]",26.929401883626525,30.1100847229889,1.1181119006321592
"x:20,y:1","x:14,y:7","x:15,y:13","x:19,y:17","x:5,y:8","x:7,y:7","x:19,y:8","x:13,y:20","[(6, 3), (4, 1), (0, 2), (5, 7)]",43.2134658772255,50.977397899725716,1.1796646453806425
"x:19,y:6","x:10,y:13","x:10,y:0","x:20,y:16","x:20,y:8","x:4,y:11","x:18,y:9","x:12,y:13","[(6, 3), (4, 1), (0, 2), (5, 7)]",38.104557541936806,55.80105816437476,1.4644195278468115
"x:1,y:20","x:6,y:4","x:10,y:0","x:13,y:8","x:4,y:8","x:0,y:13","x:7,y:6","x:8,y:17","[(6, 3), (4, 1), (0, 2), (5, 7)]",43.989301204380524,56.125022200966406,1.2758789220179152
"x:17,y:1","x:4,y:17","x:13,y:4","x:5,y:1","x:19,y:11","x:11,y:6","x:16,y:9","x:2,y:7","[(6, 3), (4, 1), (0, 2), (5, 7)]",47.938878324865016,53.04368341079204,1.1064857014662202
"x:15,y:17","x:14,y:13","x:19,y:15","x:5,y:20","x:9,y:15","x:11,y:20","x:18,y:12","x:16,y:6","[(6, 3), (4, 1), (0, 2), (5, 7)]",42.7488930876783,42.7488930876783,1.0
"x:0,y:14","x:11,y:6","x:5,y:19","x:4,y:14","x:20,y:9","x:6,y:8","x:5,y:5","x:3,y:5","[(6, 3), (4, 1), (0, 2), (5, 7)]",36.53821330868847,43.593598446825894,1.1930960629774339
"x:12,y:8","x:19,y:13","x:1,y:3","x:11,y:3","x:4,y:14","x:0,y:6","x:15,y:13","x:15,y:11","[(6, 3), (4, 1), (0, 2), (5, 7)]",46.53108062662349,55.77708763999663,1.198706045268222
"x:11,y:7","x:9,y:12","x:14,y:8","x:18,y:11","x:0,y:15","x:14,y:0","x:10,y:18","x:1,y:20","[(6, 3), (4, 1), (0, 2), (5, 7)]",46.37921387999937,53.430746477091006,1.1520407960198857
"x:15,y:2","x:1,y:19","x:3,y:8","x:11,y:6","x:15,y:16","x:9,y:18","x:10,y:15","x:9,y:10","[(6, 3), (4, 1), (0, 2), (5, 7)]",44.38839390342754,51.20910890286206,1.153659873665937
"x:6,y:6","x:14,y:20","x:1,y:13","x:7,y:16","x:12,y:10","x:17,y:4","x:2,y:17","x:1,y:19","[(6, 3), (4, 1), (0, 2), (5, 7)]",43.74327548386472,53.46239602483894,1.2221854772754555
"x:8,y:1","x:9,y:19","x:4,y:13","x:12,y:2","x:13,y:12","x:16,y:17","x:8,y:19","x:20,y:16","[(6, 3), (4, 1), (0, 2), (5, 7)]",49.80988376188731,54.22519462027558,1.0886432676593938
"x:18,y:10","x:12,y:5","x:1,y:20","x:18,y:8","x:0,y:15","x:2,y:7","x:11,y:8","x:3,y:15","[(6, 3), (4, 1), (0, 2), (5, 7)]",46.3556448333924,62.36573628653357,1.345375229072604
"x:12,y:17","x:19,y:1","x:8,y:7","x:17,y:9","x:14,y:7","x:1,y:2","x:12,y:20","x:2,y:0","[(6, 3), (4, 1), (0, 2), (5, 7)]",42.02452381018206,48.54837976103388,1.1552392593505405
"x:0,y:8","x:10,y:7","x:3,y:0","x:18,y:16","x:2,y:17","x:10,y:1","x:14,y:8","x:3,y:3","[(6, 3), (4, 1), (0, 2), (5, 7)]",44.18894169962048,52.107430652795124,1.179196166475348
"x:5,y:8","x:8,y:0","x:20,y:13","x:17,y:9","x:20,y:9","x:17,y:8","x:16,y:12","x:0,y:9","[(6, 3), (4, 1), (0, 2), (5, 7)]",50.165594694521296,59.84036644999883,1.1928567141362751
"x:17,y:7","x:10,y:13","x:3,y:11","x:0,y:5","x:10,y:9","x:2,y:9","x:12,y:7","x:2,y:16","[(6, 3), (4, 1), (0, 2), (5, 7)]",37.54778311215213,38.17466667074534,1.01669562106292
"x:16,y:9","x:9,y:15","x:10,y:2","x:2,y:14","x:19,y:18","x:10,y:2","x:20,y:5","x:8,y:19","[(6, 3), (4, 1), (0, 2), (5, 7)]",49.54928346358425,63.552280180295305,1.2826074513671306
"x:10,y:7","x:11,y:20","x:6,y:19","x:17,y:15","x:3,y:11","x:13,y:10","x:2,y:2","x:9,y:20","[(6, 3), (4, 1), (0, 2), (5, 7)]",40.73593514706313,42.87681465494782,1.0525550598054465
"x:17,y:16","x:9,y:16","x:5,y:15","x:5,y:2","x:20,y:11","x:16,y:1","x:3,y:17","x:12,y:4","[(6, 3), (4, 1), (0, 2), (5, 7)]",45.018743642986486,45.431911411342654,1.0091776832252966
"x:11,y:5","x:16,y:19","x:19,y:12","x:9,y:14","x:4,y:7","x:11,y:17","x:15,y:8","x:9,y:10","[(6, 3), (4, 1), (0, 2), (5, 7)]",42.22552710495042,46.03064012503043,1.0901140442989024
"x:12,y:10","x:4,y:9","x:19,y:10","x:1,y:19","x:12,y:6","x:17,y:1","x:17,y:13","x:6,y:11","[(6, 3), (4, 1), (0, 2), (5, 7)]",46.746051011617546,53.04168115260455,1.1346772616027478
"x:18,y:6","x:15,y:17","x:1,y:2","x:3,y:9","x:5,y:12","x:8,y:16","x:3,y:1","x:1,y:20","[(6, 3), (4, 1), (0, 2), (5, 7)]",51.43919400970078,59.72922712226426,1.1611618002995943
"x:8,y:18","x:11,y:3","x:14,y:16","x:4,y:19","x:10,y:1","x:20,y:9","x:1,y:13","x:3,y:4","[(6, 3), (4, 1), (0, 2), (5, 7)]",47.04390424550234,51.61250849477043,1.097113628695154
"x:9,y:11","x:16,y:16","x:18,y:8","x:6,y:20","x:19,y:18","x:9,y:11","x:17,y:3","x:16,y:18","[(6, 3), (4, 1), (0, 2), (5, 7)]",39.57773168667872,51.25140326481048,1.2949555490079019
"x:9,y:1","x:6,y:12","x:9,y:14","x:1,y:6","x:13,y:7","x:17,y:4","x:18,y:14","x:13,y:8","[(6, 3), (4, 1), (0, 2), (5, 7)]",41.09718556976161,48.15944331806016,1.1718428561564274
"x:14,y:2","x:13,y:8","x:19,y:7","x:3,y:10","x:3,y:19","x:5,y:20","x:19,y:8","x:19,y:4","[(6, 3), (4, 1), (0, 2), (5, 7)]",43.255967066981995,49.887982162782905,1.153320236385681
"x:14,y:6","x:18,y:17","x:7,y:9","x:18,y:11","x:14,y:11","x:13,y:20","x:1,y:3","x:2,y:11","[(6, 3), (4, 1), (0, 2), (5, 7)]",49.016183373378645,50.4193076108115,1.0286257342140375
"x:9,y:19","x:12,y:6","x:16,y:12","x:1,y:3","x:8,y:20","x:13,y:4","x:6,y:19","x:8,y:19","[(6, 3), (4, 1), (0, 2), (5, 7)]",47.08425097831664,58.48600522930801,1.242156432651804
"x:13,y:0","x:6,y:13","x:2,y:18","x:11,y:19","x:20,y:8","x:10,y:8","x:12,y:0","x:20,y:20","[(6, 3), (4, 1), (0, 2), (5, 7)]",56.113354566555635,56.83803870332202,1.0129146464752314
"x:1,y:2","x:1,y:14","x:14,y:10","x:17,y:20","x:17,y:3","x:15,y:6","x:6,y:8","x:11,y:8","[(6, 3), (4, 1), (0, 2), (5, 7)]",52.43421256762451,61.855829657040836,1.1796845347351264
"x:0,y:8","x:7,y:18","x:6,y:9","x:7,y:8","x:2,y:6","x:1,y:17","x:0,y:15","x:11,y:13","[(6, 3), (4, 1), (0, 2), (5, 7)]",32.04735796264836,36.082095650241904,1.1258992298927133
"x:10,y:10","x:19,y:8","x:6,y:0","x:12,y:14","x:14,y:6","x:9,y:15","x:2,y:12","x:14,y:15","[(6, 3), (4, 1), (0, 2), (5, 7)]",39.298603369427546,42.24407438697779,1.07495103553328
"x:8,y:11","x:20,y:15","x:16,y:1","x:8,y:9","x:17,y:5","x:3,y:14","x:3,y:9","x:0,y:18","[(6, 3), (4, 1), (0, 2), (5, 7)]",44.36966060939391,54.24149068475953,1.2224905473646008
"x:6,y:19","x:0,y:3","x:20,y:8","x:12,y:0","x:20,y:2","x:18,y:12","x:0,y:19","x:8,y:4","[(6, 3), (4, 1), (0, 2), (5, 7)]",60.439992045976254,67.28882857400751,1.1133163042579721
"x:9,y:3","x:13,y:0","x:2,y:20","x:13,y:14","x:11,y:6","x:5,y:12","x:2,y:0","x:17,y:2","[(6, 3), (4, 1), (0, 2), (5, 7)]",57.13428459298836,59.37862100353543,1.039281780222422
"x:1,y:13","x:15,y:16","x:0,y:1","x:15,y:9","x:5,y:19","x:18,y:6","x:13,y:17","x:10,y:6","[(6, 3), (4, 1), (0, 2), (5, 7)]",48.0547801916553,55.022583564688496,1.144997091761605
"x:0,y:8","x:17,y:9","x:19,y:10","x:14,y:13","x:6,y:14","x:16,y:0","x:1,y:18","x:20,y:2","[(6, 3), (4, 1), (0, 2), (5, 7)]",42.27464039833324,42.27464039833323,0.9999999999999998
"x:16,y:16","x:14,y:15","x:1,y:4","x:17,y:14","x:14,y:8","x:14,y:10","x:11,y:10","x:19,y:15","[(6, 3), (4, 1), (0, 2), (5, 7)]",36.8437863274665,49.85546400718914,1.353157994242916
"x:20,y:1","x:11,y:8","x:17,y:16","x:4,y:6","x:12,y:12","x:13,y:19","x:4,y:12","x:14,y:2","[(6, 3), (4, 1), (0, 2), (5, 7)]",45.01433881755561,52.5842415102544,1.168166475206485
"x:3,y:19","x:4,y:1","x:15,y:20","x:17,y:4","x:18,y:19","x:14,y:15","x:17,y:12","x:8,y:0","[(6, 3), (4, 1), (0, 2), (5, 7)]",49.13354695524462,59.565528785316246,1.2123189241675152
"x:13,y:5","x:10,y:10","x:7,y:12","x:18,y:11","x:16,y:3","x:3,y:15","x:0,y:6","x:14,y:2","[(6, 3), (4, 1), (0, 2), (5, 7)]",44.48644557325794,48.137742351618755,1.082076613029199
"x:9,y:15","x:10,y:19","x:12,y:10","x:8,y:14","x:2,y:16","x:4,y:7","x:10,y:3","x:15,y:6","[(6, 3), (4, 1), (0, 2), (5, 7)]",38.32984122485249,39.60490157393478,1.033265474323321
"x:20,y:13","x:16,y:4","x:6,y:19","x:17,y:7","x:6,y:5","x:13,y:10","x:0,y:0","x:2,y:11","[(6, 3), (4, 1), (0, 2), (5, 7)]",52.72023981688171,53.62780899024625,1.0172148149651232
"x:16,y:7","x:10,y:14","x:18,y:14","x:17,y:0","x:15,y:2","x:6,y:15","x:6,y:2","x:18,y:6","[(6, 3), (4, 1), (0, 2), (5, 7)]",44.001405423787915,44.00140542378792,1.0000000000000002
"x:11,y:11","x:16,y:6","x:0,y:10","x:11,y:19","x:19,y:4","x:15,y:8","x:9,y:10","x:19,y:18","[(6, 3), (4, 1), (0, 2), (5, 7)]",42.72940577357903,48.49333779607923,1.1348938024797954
"x:0,y:20","x:7,y:19","x:5,y:15","x:13,y:11","x:18,y:18","x:20,y:8","x:11,y:6","x:7,y:8","[(6, 3), (4, 1), (0, 2), (5, 7)]",44.89871279118619,47.134780768685985,1.0498024962964805
"x:19,y:7","x:0,y:15","x:3,y:6","x:8,y:18","x:3,y:19","x:11,y:3","x:15,y:4","x:10,y:2","[(6, 3), (4, 1), (0, 2), (5, 7)]",45.73077699021317,47.155352222419765,1.0311513454606613
"x:9,y:13","x:8,y:3","x:3,y:0","x:2,y:16","x:18,y:9","x:0,y:9","x:12,y:7","x:12,y:0","[(6, 3), (4, 1), (0, 2), (5, 7)]",55.2786776251049,67.78694558929271,1.226276541002261
"x:8,y:19","x:7,y:17","x:18,y:11","x:14,y:13","x:0,y:18","x:16,y:3","x:18,y:0","x:19,y:8","[(6, 3), (4, 1), (0, 2), (5, 7)]",34.86333394908108,40.689523719879844,1.1671151066420693
"x:1,y:16","x:14,y:12","x:4,y:19","x:1,y:1","x:4,y:6","x:8,y:12","x:10,y:0","x:5,y:8","[(6, 3), (4, 1), (0, 2), (5, 7)]",42.658609299353586,47.63364387278177,1.1166243966960163
"x:11,y:20","x:17,y:7","x:18,y:16","x:19,y:8","x:11,y:16","x:11,y:12","x:11,y:10","x:10,y:9","[(6, 3), (4, 1), (0, 2), (5, 7)]",29.86301612055493,41.51117495604516,1.3900529935913846
"x:6,y:7","x:9,y:19","x:10,y:2","x:17,y:20","x:12,y:13","x:7,y:9","x:11,y:11","x:20,y:20","[(6, 3), (4, 1), (0, 2), (5, 7)]",35.87225390632335,43.25110672758312,1.2056980540037678
"x:8,y:3","x:4,y:2","x:11,y:19","x:11,y:0","x:5,y:16","x:11,y:16","x:13,y:12","x:8,y:13","[(6, 3), (4, 1), (0, 2), (5, 7)]",45.74288172912522,51.386027464999025,1.123366642471078
"x:5,y:1","x:13,y:18","x:15,y:5","x:15,y:8","x:3,y:11","x:5,y:11","x:4,y:6","x:19,y:17","[(6, 3), (4, 1), (0, 2), (5, 7)]",41.8999889735489,47.71209846598475,1.1387138668724945
"x:11,y:16","x:16,y:18","x:19,y:16","x:10,y:17","x:19,y:19","x:19,y:17","x:0,y:11","x:1,y:0","[(6, 3), (4, 1), (0, 2), (5, 7)]",50.38239662564648,58.13304412442703,1.153836419421842
"x:12,y:13","x:9,y:13","x:0,y:8","x:7,y:19","x:12,y:17","x:5,y:12","x:1,y:20","x:13,y:16","[(6, 3), (4, 1), (0, 2), (5, 7)]",36.8845229837975,39.826053617239644,1.079749726863332
"x:3,y:5","x:19,y:7","x:3,y:5","x:9,y:0","x:18,y:10","x:9,y:19","x:3,y:0","x:13,y:6","[(6, 3), (4, 1), (0, 2), (5, 7)]",40.18406480275243,42.99431447865909,1.069934430220065
"x:20,y:12","x:3,y:8","x:19,y:20","x:6,y:20","x:16,y:7","x:0,y:11","x:16,y:12","x:5,y:7","[(6, 3), (4, 1), (0, 2), (5, 7)]",45.3576202393096,46.910283289770604,1.0342315809839462
"x:12,y:17","x:15,y:8","x:0,y:12","x:10,y:6","x:10,y:1","x:19,y:7","x:16,y:19","x:12,y:16","[(6, 3), (4, 1), (0, 2), (5, 7)]",44.38216063874313,61.380183711470835,1.3829922389557887
"x:5,y:18","x:8,y:19","x:13,y:15","x:15,y:4","x:10,y:19","x:15,y:16","x:20,y:0","x:8,y:3","[(6, 3), (4, 1), (0, 2), (5, 7)]",39.94838409859665,48.2199338343985,1.2070559278539736
"x:16,y:15","x:13,y:12","x:11,y:11","x:1,y:2","x:13,y:10","x:13,y:7","x:1,y:19","x:16,y:1","[(6, 3), (4, 1), (0, 2), (5, 7)]",44.36081063143757,49.99078886437539,1.1269133307710109
"x:8,y:10","x:2,y:18","x:2,y:5","x:1,y:5","x:12,y:14","x:20,y:8","x:19,y:2","x:10,y:15","[(6, 3), (4, 1), (0, 2), (5, 7)]",44.347880012574464,52.891883757892,1.1926586737155183
"x:16,y:0","x:7,y:3","x:11,y:8","x:16,y:3","x:5,y:19","x:17,y:19","x:0,y:4","x:16,y:12","[(6, 3), (4, 1), (0, 2), (5, 7)]",49.019451910462124,49.549415996603784,1.010811301748328
"x:18,y:20","x:1,y:17","x:8,y:20","x:10,y:10","x:9,y:1","x:11,y:15","x:13,y:17","x:18,y:5","[(6, 3), (4, 1), (0, 2), (5, 7)]",50.98381788003572,54.65088389035992,1.0719260769947194
"x:2,y:16","x:13,y:20","x:16,y:7","x:11,y:9","x:4,y:19","x:9,y:4","x:6,y:2","x:5,y:4","[(6, 3), (4, 1), (0, 2), (5, 7)]",41.06908825636158,50.01336016636074,1.217785986729659
"x:18,y:11","x:7,y:9","x:9,y:2","x:9,y:15","x:18,y:11","x:12,y:4","x:4,y:19","x:9,y:2","[(6, 3), (4, 1), (0, 2), (5, 7)]",32.62384310239196,32.832885179807,1.0064076472155334
"x:11,y:2","x:6,y:20","x:1,y:2","x:13,y:5","x:11,y:6","x:18,y:17","x:3,y:18","x:10,y:14","[(6, 3), (4, 1), (0, 2), (5, 7)]",52.68631014227465,54.972006048811735,1.0433831084462883
"x:1,y:14","x:15,y:5","x:15,y:0","x:16,y:7","x:15,y:10","x:3,y:20","x:19,y:16","x:5,y:10","[(6, 3), (4, 1), (0, 2), (5, 7)]",43.4643414652741,45.31238242361743,1.0425185541996493
"x:17,y:20","x:11,y:14","x:16,y:2","x:19,y:12","x:18,y:12","x:17,y:0","x:11,y:14","x:4,y:14","[(6, 3), (4, 1), (0, 2), (5, 7)]",47.58552882289255,53.25443347945401,1.1191308533663757
"x:16,y:6","x:15,y:6","x:0,y:20","x:13,y:15","x:9,y:3","x:17,y:19","x:0,y:11","x:16,y:5","[(6, 3), (4, 1), (0, 2), (5, 7)]",50.533688691066196,58.455632038139285,1.1567655865278959
"x:18,y:13","x:5,y:5","x:20,y:10","x:15,y:11","x:12,y:10","x:11,y:17","x:1,y:17","x:12,y:8","[(6, 3), (4, 1), (0, 2), (5, 7)]",38.04677329000446,43.351686706704626,1.139431361925608
"x:8,y:11","x:13,y:8","x:2,y:10","x:5,y:11","x:9,y:9","x:18,y:1","x:2,y:6","x:6,y:2","[(6, 3), (4, 1), (0, 2), (5, 7)]",34.2199000915705,40.37598420814536,1.179897781703089
"x:2,y:1","x:19,y:20","x:9,y:10","x:15,y:9","x:15,y:2","x:8,y:5","x:6,y:6","x:20,y:19","[(6, 3), (4, 1), (0, 2), (5, 7)]",43.33635175117373,45.75847107176557,1.055891168100606
"x:16,y:11","x:2,y:16","x:18,y:19","x:6,y:9","x:6,y:10","x:19,y:8","x:15,y:7","x:3,y:14","[(6, 3), (4, 1), (0, 2), (5, 7)]",33.985844949956736,44.853920233676526,1.319782406461359
"x:14,y:18","x:11,y:19","x:1,y:7","x:7,y:20","x:9,y:13","x:14,y:16","x:19,y:19","x:1,y:1","[(6, 3), (4, 1), (0, 2), (5, 7)]",45.421326906964694,48.881853377788026,1.0761872606212373
"x:17,y:4","x:20,y:5","x:16,y:15","x:4,y:18","x:12,y:7","x:0,y:19","x:16,y:14","x:4,y:2","[(6, 3), (4, 1), (0, 2), (5, 7)]",55.2750560350651,78.27929298224396,1.416177541866001
"x:3,y:18","x:17,y:6","x:17,y:6","x:7,y:12","x:0,y:7","x:14,y:20","x:16,y:0","x:1,y:7","[(6, 3), (4, 1), (0, 2), (5, 7)]",51.32576514495222,54.797918610549495,1.0676493269178033
"x:14,y:4","x:3,y:11","x:8,y:14","x:8,y:2","x:19,y:17","x:11,y:19","x:2,y:4","x:19,y:17","[(6, 3), (4, 1), (0, 2), (5, 7)]",44.96564196281876,59.59195854293166,1.3252776106745485
"x:1,y:17","x:10,y:4","x:12,y:4","x:17,y:8","x:12,y:10","x:13,y:18","x:3,y:0","x:17,y:9","[(6, 3), (4, 1), (0, 2), (5, 7)]",42.265129588982184,43.569234312822246,1.0308553348001568
"x:7,y:1","x:13,y:5","x:12,y:18","x:13,y:8","x:6,y:9","x:0,y:10","x:0,y:0","x:5,y:15","[(6, 3), (4, 1), (0, 2), (5, 7)]",46.51030201225579,51.098396619874116,1.0986468461634442
"x:2,y:1","x:18,y:17","x:11,y:14","x:17,y:6","x:18,y:15","x:1,y:9","x:7,y:13","x:10,y:7","[(6, 3), (4, 1), (0, 2), (5, 7)]",44.25524738743941,45.73947296132076,1.0335378437925669
"x:11,y:8","x:19,y:11","x:2,y:15","x:2,y:17","x:7,y:13","x:17,y:6","x:5,y:11","x:10,y:2","[(6, 3), (4, 1), (0, 2), (5, 7)]",42.14957867327505,45.64570686886562,1.082945744788839
"x:15,y:8","x:13,y:13","x:4,y:16","x:2,y:20","x:16,y:15","x:1,y:18","x:2,y:6","x:19,y:9","[(6, 3), (4, 1), (0, 2), (5, 7)]",46.206633483518246,53.35882659621675,1.1547871501015037
"x:13,y:3","x:11,y:5","x:8,y:2","x:2,y:4","x:7,y:2","x:12,y:9","x:14,y:9","x:20,y:5","[(6, 3), (4, 1), (0, 2), (5, 7)]",33.22035998069977,34.37703270203137,1.0348181874610511
"x:12,y:14","x:3,y:19","x:6,y:16","x:20,y:3","x:17,y:13","x:9,y:3","x:2,y:5","x:6,y:14","[(6, 3), (4, 1), (0, 2), (5, 7)]",47.34807966132072,50.09426900376828,1.0580000152506916
"x:12,y:5","x:12,y:18","x:0,y:20","x:20,y:2","x:14,y:5","x:4,y:2","x:8,y:5","x:18,y:4","[(6, 3), (4, 1), (0, 2), (5, 7)]",49.31987987004708,60.27537401819133,1.2221314037465394
"x:2,y:15","x:2,y:16","x:12,y:8","x:2,y:6","x:4,y:13","x:20,y:18","x:8,y:1","x:10,y:7","[(6, 3), (4, 1), (0, 2), (5, 7)]",41.062782613353406,53.520375152034674,1.3033791610271956
"x:7,y:4","x:14,y:20","x:1,y:9","x:20,y:16","x:8,y:15","x:9,y:12","x:13,y:2","x:2,y:1","[(6, 3), (4, 1), (0, 2), (5, 7)]",53.9994309861744,61.88251434319329,1.1459845634121073
"x:15,y:18","x:10,y:9","x:15,y:11","x:9,y:1","x:0,y:13","x:6,y:8","x:1,y:20","x:8,y:14","[(6, 3), (4, 1), (0, 2), (5, 7)]",44.39052583352271,44.83701047595734,1.0100581066353906
"x:13,y:12","x:13,y:2","x:18,y:9","x:15,y:17","x:6,y:10","x:18,y:0","x:3,y:4","x:10,y:20","[(6, 3), (4, 1), (0, 2), (5, 7)]",51.71149736636246,58.73575222801395,1.13583545670485
"x:20,y:14","x:20,y:9","x:16,y:3","x:16,y:18","x:19,y:10","x:18,y:17","x:11,y:14","x:16,y:5","[(6, 3), (4, 1), (0, 2), (5, 7)]",28.38687911412758,35.999668938423895,1.2681798796440282
"x:15,y:11","x:9,y:17","x:19,y:11","x:7,y:20","x:9,y:7","x:11,y:8","x:18,y:15","x:9,y:6","[(6, 3), (4, 1), (0, 2), (5, 7)]",34.776628483120724,43.873067314795954,1.2615675880164836
"x:9,y:6","x:14,y:18","x:9,y:10","x:3,y:0","x:14,y:2","x:12,y:10","x:16,y:9","x:9,y:10","[(6, 3), (4, 1), (0, 2), (5, 7)]",41.583829415127724,42.191769843494406,1.014619635490942
