"x:18.0,y:14.0","x:3,y:5","x:18,y:14","x:8,y:6","x:3.0,y:5.0","x:18.0,y:1.0","x:8.0,y:6.0","x:18,y:1","[(6, 3), (4, 1), (0, 2), (5, 7)]",47.184627389550215,60.269563023921904,1.2773135310859647
"x:14.0,y:6.0","x:14,y:13","x:14,y:6","x:18,y:15","x:14.0,y:13.0","x:3.0,y:13.0","x:18.0,y:15.0","x:3,y:13","[(6, 3), (4, 1), (0, 2), (5, 7)]",45.317958685025786,55.499658045600825,1.2246725063531896
"x:16.0,y:11.0","x:17,y:9","x:16,y:11","x:14,y:12","x:17.0,y:9.0","x:9.0,y:6.0","x:14.0,y:12.0","x:9,y:6","[(6, 3), (4, 1), (0, 2), (5, 7)]",31.152831812279306,31.910191125160022,1.0243110904794919
"x:17.0,y:13.0","x:20,y:0","x:17,y:13","x:17,y:14","x:20.0,y:0.0","x:1.0,y:16.0","x:17.0,y:14.0","x:1,y:16","[(6, 3), (4, 1), (0, 2), (5, 7)]",44.392290816472965,61.288179685267394,1.3806041219779708
"x:12.0,y:12.0","x:4,y:6","x:12,y:12","x:16,y:6","x:4.0,y:6.0","x:18.0,y:5.0","x:16.0,y:6.0","x:18,y:5","[(6, 3), (4, 1), (0, 2), (5, 7)]",39.031537472730136,46.658273079355745,1.195399312977464
"x:17.0,y:16.0","x:0,y:5","x:17,y:16","x:18,y:9","x:0.0,y:5.0","x:14.0,y:1.0","x:18.0,y:9.0","x:14,y:1","[(6, 3), (4, 1), (0, 2), (5, 7)]",50.824016231742256,63.02432309898502,1.2400500348420525
"x:3.0,y:3.0","x:20,y:12","x:3,y:3","x:13,y:16","x:20.0,y:12.0","x:10.0,y:14.0","x:13.0,y:16.0","x:10,y:14","[(6, 3), (4, 1), (0, 2), (5, 7)]",51.30547232821013,55.10151691591608,1.0739890778789052
"x:18.0,y:4.0","x:7,y:11","x:18,y:4","x:2,y:16","x:7.0,y:11.0","x:11.0,y:5.0","x:2.0,y:16.0","x:11,y:5","[(6, 3), (4, 1), (0, 2), (5, 7)]",35.42587383914832,42.1660960885358,1.1902626955651554
"x:12.0,y:11.0","x:11,y:5","x:12,y:11","x:2,y:12","x:11.0,y:5.0","x:17.0,y:11.0","x:2.0,y:12.0","x:17,y:11","[(6, 3), (4, 1), (0, 2), (5, 7)]",41.01967377664906,47.98175672931687,1.1697254588268096
"x:16.0,y:7.0","x:16,y:3","x:16,y:7","x:13,y:7","x:16.0,y:3.0","x:13.0,y:19.0","x:13.0,y:7.0","x:13,y:19","[(6, 3), (4, 1), (0, 2), (5, 7)]",36.36931687685298,44.50929934084647,1.2238145547675692
"x:3.0,y:8.0","x:5,y:8","x:3,y:8","x:15,y:20","x:5.0,y:8.0","x:3.0,y:11.0","x:15.0,y:20.0","x:3,y:11","[(6, 3), (4, 1), (0, 2), (5, 7)]",36.95449708840539,50.28863017685608,1.3608257218749793
"x:19.0,y:16.0","x:8,y:7","x:19,y:16","x:11,y:6","x:8.0,y:7.0","x:20.0,y:15.0","x:11.0,y:6.0","x:20,y:15","[(6, 3), (4, 1), (0, 2), (5, 7)]",44.53286686062098,52.33969728468628,1.17530491464875
"x:5.0,y:1.0","x:9,y:19","x:5,y:1","x:2,y:10","x:9.0,y:19.0","x:11.0,y:8.0","x:2.0,y:10.0","x:11,y:8","[(6, 3), (4, 1), (0, 2), (5, 7)]",48.325806239882745,59.23885760416944,1.2258224376043678
"x:11.0,y:8.0","x:17,y:10","x:11,y:8","x:4,y:6","x:17.0,y:10.0","x:1.0,y:20.0","x:4.0,y:6.0","x:1,y:20","[(6, 3), (4, 1), (0, 2), (5, 7)]",46.502535105139685,47.85170680284767,1.0290128633773963
"x:1.0,y:11.0","x:11,y:20","x:1,y:11","x:14,y:14","x:11.0,y:20.0","x:17.0,y:14.0","x:14.0,y:14.0","x:17,y:14","[(6, 3), (4, 1), (0, 2), (5, 7)]",35.98477513183056,45.75090145695643,1.271396063733831
"x:18.0,y:13.0","x:10,y:12","x:18,y:13","x:13,y:20","x:10.0,y:12.0","x:12.0,y:0.0","x:13.0,y:20.0","x:12,y:0","[(6, 3), (4, 1), (0, 2), (5, 7)]",40.091126614297046,45.3780480478286,1.1318726082306243
"x:1.0,y:17.0","x:5,y:11","x:1,y:17","x:9,y:15","x:5.0,y:11.0","x:5.0,y:15.0","x:9.0,y:15.0","x:5,y:15","[(6, 3), (4, 1), (0, 2), (5, 7)]",36.37331737145056,36.37331737145057,1.0000000000000002
"x:1.0,y:10.0","x:3,y:6","x:1,y:10","x:7,y:20","x:3.0,y:6.0","x:10.0,y:4.0","x:7.0,y:20.0","x:10,y:4","[(6, 3), (4, 1), (0, 2), (5, 7)]",39.546925539998234,39.546925539998234,1.0
"x:6.0,y:9.0","x:17,y:18","x:6,y:9","x:14,y:6","x:17.0,y:18.0","x:19.0,y:6.0","x:14.0,y:6.0","x:19,y:6","[(6, 3), (4, 1), (0, 2), (5, 7)]",44.6506197451061,52.55373928074617,1.1769991005893325
"x:15.0,y:15.0","x:5,y:6","x:15,y:15","x:4,y:18","x:5.0,y:6.0","x:8.0,y:6.0","x:4.0,y:18.0","x:8,y:6","[(6, 3), (4, 1), (0, 2), (5, 7)]",38.70763173037862,49.24685733176643,1.2722777170868964
"x:6.0,y:7.0","x:6,y:4","x:6,y:7","x:3,y:8","x:6.0,y:4.0","x:1.0,y:18.0","x:3.0,y:8.0","x:1,y:18","[(6, 3), (4, 1), (0, 2), (5, 7)]",47.372247770104195,50.14195252377143,1.058466821483931
"x:0.0,y:20.0","x:5,y:0","x:0,y:20","x:16,y:6","x:5.0,y:0.0","x:14.0,y:12.0","x:16.0,y:6.0","x:14,y:12","[(6, 3), (4, 1), (0, 2), (5, 7)]",54.49011610823778,63.63351448581429,1.1677992089320253
"x:13.0,y:1.0","x:20,y:15","x:13,y:1","x:2,y:3","x:20.0,y:15.0","x:8.0,y:13.0","x:2.0,y:3.0","x:8,y:13","[(6, 3), (4, 1), (0, 2), (5, 7)]",48.55051609926768,73.87057548104264,1.5215198810658344
"x:8.0,y:8.0","x:4,y:19","x:8,y:8","x:3,y:19","x:4.0,y:19.0","x:15.0,y:19.0","x:3.0,y:19.0","x:15,y:19","[(6, 3), (4, 1), (0, 2), (5, 7)]",38.12145078399987,56.756356477911574,1.4888299188690124
"x:9.0,y:12.0","x:17,y:8","x:9,y:12","x:18,y:6","x:17.0,y:8.0","x:18.0,y:18.0","x:18.0,y:6.0","x:18,y:18","[(6, 3), (4, 1), (0, 2), (5, 7)]",42.548968633606734,44.35263300349231,1.042390319385109
"x:6.0,y:14.0","x:1,y:6","x:6,y:14","x:0,y:4","x:1.0,y:6.0","x:3.0,y:6.0","x:0.0,y:4.0","x:3,y:6","[(6, 3), (4, 1), (0, 2), (5, 7)]",37.40283169500838,42.62237615230127,1.1395494464123546
"x:16.0,y:17.0","x:14,y:8","x:16,y:17","x:2,y:0","x:14.0,y:8.0","x:1.0,y:5.0","x:2.0,y:0.0","x:1,y:5","[(6, 3), (4, 1), (0, 2), (5, 7)]",52.17661155082964,56.342097928521646,1.0798343597616349
"x:13.0,y:13.0","x:10,y:14","x:13,y:13","x:4,y:2","x:10.0,y:14.0","x:10.0,y:7.0","x:4.0,y:2.0","x:10,y:7","[(6, 3), (4, 1), (0, 2), (5, 7)]",37.81285903010527,42.06966646964817,1.1125756567667568
"x:16.0,y:5.0","x:17,y:7","x:16,y:5","x:20,y:17","x:17.0,y:7.0","x:14.0,y:16.0","x:20.0,y:17.0","x:14,y:16","[(6, 3), (4, 1), (0, 2), (5, 7)]",32.69084210647646,36.70762569115234,1.1228718297189446
"x:15.0,y:18.0","x:9,y:17","x:15,y:18","x:20,y:1","x:9.0,y:17.0","x:6.0,y:2.0","x:20.0,y:1.0","x:6,y:2","[(6, 3), (4, 1), (0, 2), (5, 7)]",54.83197775764237,60.53354262523833,1.1039824770282207
"x:11.0,y:11.0","x:13,y:18","x:11,y:11","x:12,y:8","x:13.0,y:18.0","x:8.0,y:10.0","x:12.0,y:8.0","x:8,y:10","[(6, 3), (4, 1), (0, 2), (5, 7)]",29.379889014461735,31.379889014461735,1.068073776555641
"x:12.0,y:15.0","x:17,y:13","x:12,y:15","x:0,y:15","x:17.0,y:13.0","x:16.0,y:0.0","x:0.0,y:15.0","x:16,y:0","[(6, 3), (4, 1), (0, 2), (5, 7)]",52.925977193297996,58.91880391527139,1.1132303462265078
"x:5.0,y:14.0","x:6,y:13","x:5,y:14","x:9,y:10","x:6.0,y:13.0","x:6.0,y:0.0","x:9.0,y:10.0","x:6,y:0","[(6, 3), (4, 1), (0, 2), (5, 7)]",40.346766043002084,44.90028223656031,1.1128595087077122
"x:2.0,y:17.0","x:6,y:10","x:2,y:17","x:16,y:0","x:6.0,y:10.0","x:7.0,y:1.0","x:16.0,y:0.0","x:7,y:1","[(6, 3), (4, 1), (0, 2), (5, 7)]",44.28379830084822,44.43432519833454,1.0033991415204202
"x:6.0,y:20.0","x:11,y:10","x:6,y:20","x:10,y:9","x:11.0,y:10.0","x:11.0,y:4.0","x:10.0,y:9.0","x:11,y:4","[(6, 3), (4, 1), (0, 2), (5, 7)]",32.906251991582295,39.648980335428476,1.2049072117228978
"x:16.0,y:13.0","x:18,y:18","x:16,y:13","x:12,y:19","x:18.0,y:18.0","x:13.0,y:8.0","x:12.0,y:19.0","x:13,y:8","[(6, 3), (4, 1), (0, 2), (5, 7)]",26.78536707857999,28.51499593425783,1.064573647641402
"x:5.0,y:7.0","x:11,y:7","x:5,y:7","x:11,y:18","x:11.0,y:7.0","x:11.0,y:1.0","x:11.0,y:18.0","x:11,y:1","[(6, 3), (4, 1), (0, 2), (5, 7)]",33.7321377048973,41.903710580151106,1.2422488887820307
"x:7.0,y:3.0","x:3,y:9","x:7,y:3","x:9,y:2","x:3.0,y:9.0","x:2.0,y:10.0","x:9.0,y:2.0","x:2,y:10","[(6, 3), (4, 1), (0, 2), (5, 7)]",39.07248664172884,39.86138409080086,1.020190612803985
"x:18.0,y:16.0","x:17,y:4","x:18,y:16","x:4,y:5","x:17.0,y:4.0","x:19.0,y:2.0","x:4.0,y:5.0","x:19,y:2","[(6, 3), (4, 1), (0, 2), (5, 7)]",53.62842830857407,64.63909718460228,1.2053140325626106
"x:2.0,y:20.0","x:17,y:2","x:2,y:20","x:6,y:1","x:17.0,y:2.0","x:5.0,y:0.0","x:6.0,y:1.0","x:5,y:0","[(6, 3), (4, 1), (0, 2), (5, 7)]",62.68482247183616,77.32529766845643,1.2335569380163456
"x:11.0,y:10.0","x:9,y:4","x:11,y:10","x:1,y:10","x:9.0,y:4.0","x:19.0,y:10.0","x:1.0,y:10.0","x:19,y:10","[(6, 3), (4, 1), (0, 2), (5, 7)]",49.65759210861601,52.324555320336756,1.0537070586485004
"x:19.0,y:7.0","x:17,y:0","x:19,y:7","x:17,y:20","x:17.0,y:0.0","x:14.0,y:4.0","x:17.0,y:20.0","x:14,y:4","[(6, 3), (4, 1), (0, 2), (5, 7)]",51.53786082080492,56.07885844974824,1.088109936202672
"x:0.0,y:17.0","x:0,y:6","x:0,y:17","x:2,y:2","x:0.0,y:6.0","x:17.0,y:9.0","x:2.0,y:2.0","x:17,y:9","[(6, 3), (4, 1), (0, 2), (5, 7)]",53.414309350531255,61.65336127493268,1.1542480287507355
"x:14.0,y:5.0","x:18,y:4","x:14,y:5","x:2,y:14","x:18.0,y:4.0","x:14.0,y:12.0","x:2.0,y:14.0","x:14,y:12","[(6, 3), (4, 1), (0, 2), (5, 7)]",35.621195776530996,49.454155746810535,1.3883350816480275
"x:9.0,y:5.0","x:10,y:5","x:9,y:5","x:9,y:1","x:10.0,y:5.0","x:14.0,y:6.0","x:9.0,y:1.0","x:14,y:6","[(6, 3), (4, 1), (0, 2), (5, 7)]",29.265241249348612,29.265241249348612,1.0
"x:13.0,y:4.0","x:13,y:11","x:13,y:4","x:17,y:18","x:13.0,y:11.0","x:12.0,y:11.0","x:17.0,y:18.0","x:12,y:11","[(6, 3), (4, 1), (0, 2), (5, 7)]",38.16698082376474,42.93091284626495,1.1248181522268574
"x:7.0,y:13.0","x:1,y:20","x:7,y:13","x:20,y:11","x:1.0,y:20.0","x:1.0,y:14.0","x:20.0,y:11.0","x:1,y:14","[(6, 3), (4, 1), (0, 2), (5, 7)]",43.153830342163694,44.807355931513186,1.0383170063060174
"x:11.0,y:15.0","x:8,y:11","x:11,y:15","x:0,y:8","x:8.0,y:11.0","x:9.0,y:10.0","x:0.0,y:8.0","x:9,y:10","[(6, 3), (4, 1), (0, 2), (5, 7)]",30.791742713606894,37.105986701797164,1.2050628977683684
"x:2.0,y:15.0","x:19,y:15","x:2,y:15","x:20,y:5","x:19.0,y:15.0","x:6.0,y:0.0","x:20.0,y:5.0","x:6,y:0","[(6, 3), (4, 1), (0, 2), (5, 7)]",55.50080768040279,71.40877094603641,1.2866257975422346
"x:14.0,y:12.0","x:13,y:14","x:14,y:12","x:17,y:1","x:13.0,y:14.0","x:6.0,y:7.0","x:17.0,y:1.0","x:6,y:7","[(6, 3), (4, 1), (0, 2), (5, 7)]",41.08939380888561,48.28242389771807,1.1750580727057833
"x:13.0,y:12.0","x:18,y:17","x:13,y:12","x:12,y:3","x:18.0,y:17.0","x:0.0,y:3.0","x:12.0,y:3.0","x:0,y:3","[(6, 3), (4, 1), (0, 2), (5, 7)]",43.93784125084479,54.98995582141893,1.2515397720037427
"x:4.0,y:3.0","x:11,y:6","x:4,y:3","x:18,y:18","x:11.0,y:6.0","x:4.0,y:3.0","x:18.0,y:18.0","x:4,y:3","[(6, 3), (4, 1), (0, 2), (5, 7)]",35.749830740411014,41.86150409666894,1.1709567074774816
"x:16.0,y:14.0","x:14,y:8","x:16,y:14","x:17,y:19","x:14.0,y:8.0","x:18.0,y:16.0","x:17.0,y:19.0","x:18,y:16","[(6, 3), (4, 1), (0, 2), (5, 7)]",41.33637511768511,44.047605279998976,1.0655894512906603
"x:16.0,y:17.0","x:4,y:11","x:16,y:17","x:11,y:15","x:4.0,y:11.0","x:14.0,y:11.0","x:11.0,y:15.0","x:14,y:11","[(6, 3), (4, 1), (0, 2), (5, 7)]",46.2506434890671,48.23429099911778,1.0428890791653436
"x:13.0,y:15.0","x:15,y:13","x:13,y:15","x:14,y:11","x:15.0,y:13.0","x:18.0,y:18.0","x:14.0,y:11.0","x:18,y:18","[(6, 3), (4, 1), (0, 2), (5, 7)]",32.865491503904785,32.865491503904785,1.0
"x:8.0,y:20.0","x:7,y:12","x:8,y:20","x:16,y:14","x:7.0,y:12.0","x:12.0,y:19.0","x:16.0,y:14.0","x:12,y:19","[(6, 3), (4, 1), (0, 2), (5, 7)]",41.20357476324251,45.629901792977456,1.107425801163341
"x:3.0,y:7.0","x:1,y:12","x:3,y:7","x:13,y:7","x:1.0,y:12.0","x:3.0,y:11.0","x:13.0,y:7.0","x:3,y:11","[(6, 3), (4, 1), (0, 2), (5, 7)]",32.39651773826158,40.39651773826157,1.2469401206831459
"x:4.0,y:17.0","x:9,y:1","x:4,y:17","x:13,y:20","x:9.0,y:1.0","x:0.0,y:6.0","x:13.0,y:20.0","x:0,y:6","[(6, 3), (4, 1), (0, 2), (5, 7)]",57.49512697450068,62.97432606442353,1.095298495337751
"x:5.0,y:2.0","x:9,y:12","x:5,y:2","x:8,y:0","x:9.0,y:12.0","x:13.0,y:16.0","x:8.0,y:0.0","x:13,y:16","[(6, 3), (4, 1), (0, 2), (5, 7)]",39.20633031922616,40.06547027845076,1.0219132969658038
"x:16.0,y:11.0","x:13,y:18","x:16,y:11","x:2,y:13","x:13.0,y:18.0","x:20.0,y:3.0","x:2.0,y:13.0","x:20,y:3","[(6, 3), (4, 1), (0, 2), (5, 7)]",51.29344092156802,58.59235678017522,1.1422972553112172
"x:10.0,y:18.0","x:17,y:17","x:10,y:18","x:0,y:10","x:17.0,y:17.0","x:15.0,y:8.0","x:0.0,y:10.0","x:15,y:8","[(6, 3), (4, 1), (0, 2), (5, 7)]",52.20472576865912,62.30299356368159,1.1934358939030176
"x:4.0,y:10.0","x:7,y:5","x:4,y:10","x:3,y:19","x:7.0,y:5.0","x:17.0,y:0.0","x:3.0,y:19.0","x:17,y:0","[(6, 3), (4, 1), (0, 2), (5, 7)]",53.358312569969655,62.58973108063755,1.173008066897966
"x:8.0,y:4.0","x:11,y:4","x:8,y:4","x:3,y:16","x:11.0,y:4.0","x:1.0,y:13.0","x:3.0,y:16.0","x:1,y:13","[(6, 3), (4, 1), (0, 2), (5, 7)]",40.06985894766202,45.40905977744675,1.1332473078270284
"x:6.0,y:3.0","x:17,y:15","x:6,y:3","x:4,y:11","x:17.0,y:15.0","x:9.0,y:20.0","x:4.0,y:11.0","x:9,y:20","[(6, 3), (4, 1), (0, 2), (5, 7)]",50.52888152743372,55.95164504855785,1.1073200782839403
"x:16.0,y:6.0","x:17,y:4","x:16,y:6","x:18,y:6","x:17.0,y:4.0","x:7.0,y:12.0","x:18.0,y:6.0","x:7,y:12","[(6, 3), (4, 1), (0, 2), (5, 7)]",25.908639125308866,28.14470710280866,1.086305883017819
"x:17.0,y:3.0","x:12,y:1","x:17,y:3","x:4,y:17","x:12.0,y:1.0","x:11.0,y:15.0","x:4.0,y:17.0","x:11,y:15","[(6, 3), (4, 1), (0, 2), (5, 7)]",44.840644446605125,52.16336512282752,1.1633054289605955
"x:3.0,y:5.0","x:7,y:13","x:3,y:5","x:4,y:13","x:7.0,y:13.0","x:18.0,y:18.0","x:4.0,y:13.0","x:18,y:18","[(6, 3), (4, 1), (0, 2), (5, 7)]",46.156198799780526,46.29060744378624,1.0029120388485362
"x:3.0,y:8.0","x:15,y:16","x:3,y:8","x:7,y:9","x:15.0,y:16.0","x:19.0,y:14.0","x:7.0,y:9.0","x:19,y:14","[(6, 3), (4, 1), (0, 2), (5, 7)]",34.370169426126736,43.24830747281044,1.2583094059447644
"x:17.0,y:8.0","x:12,y:20","x:17,y:8","x:8,y:8","x:12.0,y:20.0","x:15.0,y:6.0","x:8.0,y:8.0","x:15,y:6","[(6, 3), (4, 1), (0, 2), (5, 7)]",47.2728483794755,51.686868184654266,1.0933732566683079
"x:15.0,y:4.0","x:10,y:2","x:15,y:4","x:18,y:1","x:10.0,y:2.0","x:1.0,y:19.0","x:18.0,y:1.0","x:1,y:19","[(6, 3), (4, 1), (0, 2), (5, 7)]",39.10199894341204,44.92694570742343,1.1489680047416804
"x:9.0,y:3.0","x:11,y:3","x:9,y:3","x:15,y:13","x:11.0,y:3.0","x:20.0,y:8.0","x:15.0,y:13.0","x:20,y:8","[(6, 3), (4, 1), (0, 2), (5, 7)]",35.14900572885058,39.95795823482648,1.136816174633033
"x:0.0,y:8.0","x:18,y:0","x:0,y:8","x:11,y:14","x:18.0,y:0.0","x:12.0,y:5.0","x:11.0,y:14.0","x:12,y:5","[(6, 3), (4, 1), (0, 2), (5, 7)]",46.67225102018931,55.155971643078544,1.1817722616211372
"x:17.0,y:4.0","x:11,y:13","x:17,y:4","x:7,y:3","x:11.0,y:13.0","x:14.0,y:10.0","x:7.0,y:3.0","x:14,y:10","[(6, 3), (4, 1), (0, 2), (5, 7)]",33.88309880906645,40.70241596970408,1.201260138544734
"x:4.0,y:1.0","x:7,y:19","x:4,y:1","x:18,y:12","x:7.0,y:19.0","x:19.0,y:2.0","x:18.0,y:12.0","x:19,y:2","[(6, 3), (4, 1), (0, 2), (5, 7)]",50.94264986741193,61.20985724142528,1.2015444308597165
"x:1.0,y:11.0","x:7,y:14","x:1,y:11","x:15,y:6","x:7.0,y:14.0","x:3.0,y:18.0","x:15.0,y:6.0","x:3,y:18","[(6, 3), (4, 1), (0, 2), (5, 7)]",40.00749444640099,50.04049620282537,1.2507780578427834
"x:1.0,y:3.0","x:19,y:16","x:1,y:3","x:3,y:20","x:19.0,y:16.0","x:19.0,y:3.0","x:3.0,y:20.0","x:19,y:3","[(6, 3), (4, 1), (0, 2), (5, 7)]",63.54883837103202,86.47611617142805,1.3607820125134995
"x:20.0,y:17.0","x:16,y:16","x:20,y:17","x:3,y:5","x:16.0,y:16.0","x:5.0,y:18.0","x:3.0,y:5.0","x:5,y:18","[(6, 3), (4, 1), (0, 2), (5, 7)]",42.39563177938402,49.75366342759721,1.1735563627522405
"x:7.0,y:6.0","x:17,y:8","x:7,y:6","x:7,y:3","x:17.0,y:8.0","x:14.0,y:12.0","x:7.0,y:3.0","x:14,y:12","[(6, 3), (4, 1), (0, 2), (5, 7)]",41.98714828687146,48.03888219276272,1.1441330062366613
"x:9.0,y:14.0","x:14,y:16","x:9,y:14","x:15,y:16","x:14.0,y:16.0","x:0.0,y:18.0","x:15.0,y:16.0","x:0,y:18","[(6, 3), (4, 1), (0, 2), (5, 7)]",38.56280135793796,42.0661071113878,1.0908467650192821
"x:6.0,y:18.0","x:17,y:16","x:6,y:18","x:11,y:1","x:17.0,y:16.0","x:4.0,y:4.0","x:11.0,y:1.0","x:4,y:4","[(6, 3), (4, 1), (0, 2), (5, 7)]",50.005756789229025,59.00073330281176,1.1798788197826096
"x:8.0,y:16.0","x:12,y:10","x:8,y:16","x:4,y:12","x:12.0,y:10.0","x:5.0,y:20.0","x:4.0,y:12.0","x:5,y:20","[(6, 3), (4, 1), (0, 2), (5, 7)]",41.761802172953224,46.73683674638142,1.1191288286081258
"x:1.0,y:1.0","x:18,y:3","x:1,y:1","x:10,y:12","x:18.0,y:3.0","x:7.0,y:13.0","x:10.0,y:12.0","x:7,y:13","[(6, 3), (4, 1), (0, 2), (5, 7)]",49.14928432265299,60.40283786808722,1.2289667835559397
"x:14.0,y:8.0","x:1,y:11","x:14,y:8","x:8,y:7","x:1.0,y:11.0","x:1.0,y:20.0","x:8.0,y:7.0","x:1,y:20","[(6, 3), (4, 1), (0, 2), (5, 7)]",45.4866843427231,45.80711103786712,1.0070444065065225
"x:13.0,y:13.0","x:20,y:20","x:13,y:13","x:4,y:2","x:20.0,y:20.0","x:1.0,y:1.0","x:4.0,y:2.0","x:1,y:1","[(6, 3), (4, 1), (0, 2), (5, 7)]",43.95615664759012,51.395966389313394,1.169255237699021
"x:20.0,y:13.0","x:13,y:15","x:20,y:13","x:2,y:13","x:13.0,y:15.0","x:11.0,y:6.0","x:2.0,y:13.0","x:11,y:6","[(6, 3), (4, 1), (0, 2), (5, 7)]",44.82981617587427,62.640098357425224,1.3972865316172272
"x:6.0,y:15.0","x:20,y:19","x:6,y:15","x:0,y:10","x:20.0,y:19.0","x:18.0,y:8.0","x:0.0,y:10.0","x:18,y:8","[(6, 3), (4, 1), (0, 2), (5, 7)]",56.222116659299864,61.30486154536497,1.0904047230534917
"x:5.0,y:16.0","x:13,y:6","x:5,y:16","x:20,y:14","x:13.0,y:6.0","x:10.0,y:8.0","x:20.0,y:14.0","x:10,y:8","[(6, 3), (4, 1), (0, 2), (5, 7)]",42.14809640727601,47.947290325165355,1.1375908857627135
"x:6.0,y:18.0","x:13,y:0","x:6,y:18","x:5,y:0","x:13.0,y:0.0","x:7.0,y:1.0","x:5.0,y:0.0","x:7,y:1","[(6, 3), (4, 1), (0, 2), (5, 7)]",55.291697609517655,66.6300340535655,1.2050639957579474
"x:16.0,y:5.0","x:19,y:20","x:16,y:5","x:15,y:9","x:19.0,y:20.0","x:19.0,y:13.0","x:15.0,y:9.0","x:19,y:13","[(6, 3), (4, 1), (0, 2), (5, 7)]",52.25870015131912,52.25870015131912,1.0
"x:6.0,y:2.0","x:3,y:4","x:6,y:2","x:1,y:7","x:3.0,y:4.0","x:3.0,y:20.0","x:1.0,y:7.0","x:3,y:20","[(6, 3), (4, 1), (0, 2), (5, 7)]",40.422638141415774,42.186570163915995,1.043637231600996
"x:9.0,y:12.0","x:10,y:14","x:9,y:12","x:11,y:6","x:10.0,y:14.0","x:17.0,y:13.0","x:11.0,y:6.0","x:17,y:13","[(6, 3), (4, 1), (0, 2), (5, 7)]",33.41185886483146,39.087923728702,1.1698817442882543
"x:17.0,y:19.0","x:18,y:1","x:17,y:19","x:12,y:8","x:18.0,y:1.0","x:12.0,y:9.0","x:12.0,y:8.0","x:12,y:9","[(6, 3), (4, 1), (0, 2), (5, 7)]",38.33662679000519,38.33662679000519,1.0
"x:2.0,y:12.0","x:1,y:3","x:2,y:12","x:6,y:5","x:1.0,y:3.0","x:12.0,y:5.0","x:6.0,y:5.0","x:12,y:5","[(6, 3), (4, 1), (0, 2), (5, 7)]",41.46811451087579,45.92482098371035,1.1074730916850752
"x:12.0,y:1.0","x:2,y:16","x:12,y:1","x:7,y:1","x:2.0,y:16.0","x:20.0,y:1.0","x:7.0,y:1.0","x:20,y:1","[(6, 3), (4, 1), (0, 2), (5, 7)]",41.8113883008419,50.35322969306422,1.2042946130073928
"x:9.0,y:18.0","x:4,y:20","x:9,y:18","x:0,y:1","x:4.0,y:20.0","x:4.0,y:12.0","x:0.0,y:1.0","x:4,y:12","[(6, 3), (4, 1), (0, 2), (5, 7)]",46.095528876801936,60.22531365629372,1.3065326534652855
"x:1.0,y:18.0","x:16,y:13","x:1,y:18","x:9,y:13","x:16.0,y:13.0","x:12.0,y:13.0","x:9.0,y:13.0","x:12,y:13","[(6, 3), (4, 1), (0, 2), (5, 7)]",45.564698807169904,46.801359723995446,1.0271407679453584
"x:18.0,y:16.0","x:0,y:3","x:18,y:16","x:13,y:8","x:0.0,y:3.0","x:10.0,y:8.0","x:13.0,y:8.0","x:10,y:8","[(6, 3), (4, 1), (0, 2), (5, 7)]",43.3979384202178,44.73164331990348,1.0307319874684266
"x:2.0,y:8.0","x:0,y:7","x:2,y:8","x:9,y:12","x:0.0,y:7.0","x:2.0,y:14.0","x:9.0,y:12.0","x:2,y:14","[(6, 3), (4, 1), (0, 2), (5, 7)]",32.75430631779303,37.032355733560614,1.130610289049035
"x:13.0,y:14.0","x:6,y:6","x:13,y:14","x:10,y:5","x:6.0,y:6.0","x:4.0,y:14.0","x:10.0,y:5.0","x:4,y:14","[(6, 3), (4, 1), (0, 2), (5, 7)]",37.85962149169231,40.448978493435256,1.068393631518771
"x:20.0,y:7.0","x:0,y:13","x:20,y:7","x:14,y:15","x:0.0,y:13.0","x:7.0,y:18.0","x:14.0,y:15.0","x:7,y:18","[(6, 3), (4, 1), (0, 2), (5, 7)]",43.18544134039644,45.456216803788216,1.0525819672767278
"x:19.0,y:4.0","x:8,y:16","x:19,y:4","x:9,y:0","x:8.0,y:16.0","x:11.0,y:20.0","x:9.0,y:0.0","x:11,y:20","[(6, 3), (4, 1), (0, 2), (5, 7)]",49.690092976148726,69.51816128399702,1.3990346389040924
"x:3.0,y:14.0","x:10,y:11","x:3,y:14","x:7,y:5","x:10.0,y:11.0","x:3.0,y:2.0","x:7.0,y:5.0","x:3,y:2","[(6, 3), (4, 1), (0, 2), (5, 7)]",39.929261815320025,41.263727182590465,1.0334207372388344
"x:19.0,y:8.0","x:15,y:11","x:19,y:8","x:20,y:18","x:15.0,y:11.0","x:15.0,y:14.0","x:20.0,y:18.0","x:15,y:14","[(6, 3), (4, 1), (0, 2), (5, 7)]",35.45299985855374,35.45299985855374,1.0
"x:0.0,y:7.0","x:18,y:10","x:0,y:7","x:1,y:14","x:18.0,y:10.0","x:2.0,y:13.0","x:1.0,y:14.0","x:2,y:13","[(6, 3), (4, 1), (0, 2), (5, 7)]",40.22752820207477,50.67539690332917,1.2597193804394757
"x:9.0,y:2.0","x:5,y:3","x:9,y:2","x:19,y:2","x:5.0,y:3.0","x:4.0,y:7.0","x:19.0,y:2.0","x:4,y:7","[(6, 3), (4, 1), (0, 2), (5, 7)]",50.397539271540225,59.48754372634906,1.180366037433538
"x:14.0,y:16.0","x:11,y:5","x:14,y:16","x:3,y:16","x:11.0,y:5.0","x:14.0,y:19.0","x:3.0,y:16.0","x:14,y:19","[(6, 3), (4, 1), (0, 2), (5, 7)]",44.89039351271574,50.98166969224436,1.1356921983275374
"x:17.0,y:14.0","x:20,y:20","x:17,y:14","x:10,y:1","x:20.0,y:20.0","x:13.0,y:8.0","x:10.0,y:1.0","x:13,y:8","[(6, 3), (4, 1), (0, 2), (5, 7)]",48.07884820194625,50.28126172951049,1.0458083670871943
"x:4.0,y:4.0","x:4,y:19","x:4,y:4","x:9,y:4","x:4.0,y:19.0","x:13.0,y:0.0","x:9.0,y:4.0","x:13,y:0","[(6, 3), (4, 1), (0, 2), (5, 7)]",50.70129535975106,53.10869450934222,1.0474820047990778
"x:4.0,y:15.0","x:2,y:17","x:4,y:15","x:16,y:12","x:2.0,y:17.0","x:16.0,y:17.0","x:16.0,y:12.0","x:16,y:17","[(6, 3), (4, 1), (0, 2), (5, 7)]",41.62245021597438,49.78771213702489,1.1961744654310797
"x:20.0,y:7.0","x:1,y:13","x:20,y:7","x:20,y:10","x:1.0,y:13.0","x:4.0,y:4.0","x:20.0,y:10.0","x:4,y:4","[(6, 3), (4, 1), (0, 2), (5, 7)]",54.20701143304413,55.412608934226796,1.0222406192356095
"x:5.0,y:20.0","x:19,y:4","x:5,y:20","x:12,y:7","x:19.0,y:4.0","x:19.0,y:16.0","x:12.0,y:7.0","x:19,y:16","[(6, 3), (4, 1), (0, 2), (5, 7)]",47.75746242261078,52.59527449227161,1.1012996047999897
"x:8.0,y:0.0","x:20,y:9","x:8,y:0","x:14,y:5","x:20.0,y:9.0","x:16.0,y:6.0","x:14.0,y:5.0","x:16,y:6","[(6, 3), (4, 1), (0, 2), (5, 7)]",34.53980583524066,36.12316287283342,1.045841515298192
"x:12.0,y:5.0","x:1,y:3","x:12,y:5","x:7,y:3","x:1.0,y:3.0","x:12.0,y:18.0","x:7.0,y:3.0","x:12,y:18","[(6, 3), (4, 1), (0, 2), (5, 7)]",34.950669501767955,39.66982455088067,1.135023309034867
"x:10.0,y:7.0","x:20,y:10","x:10,y:7","x:2,y:8","x:20.0,y:10.0","x:7.0,y:16.0","x:2.0,y:8.0","x:7,y:16","[(6, 3), (4, 1), (0, 2), (5, 7)]",40.882643068784006,46.439109646474805,1.1359126064413738
"x:1.0,y:14.0","x:19,y:17","x:1,y:14","x:7,y:5","x:19.0,y:17.0","x:0.0,y:8.0","x:7.0,y:5.0","x:0,y:8","[(6, 3), (4, 1), (0, 2), (5, 7)]",48.49728300579721,58.396777942408875,1.2041247328314932
"x:12.0,y:5.0","x:18,y:11","x:12,y:5","x:14,y:1","x:18.0,y:11.0","x:16.0,y:16.0","x:14.0,y:1.0","x:16,y:16","[(6, 3), (4, 1), (0, 2), (5, 7)]",42.54155907655663,46.926723883691125,1.1030795509690434
"x:9.0,y:4.0","x:6,y:8","x:9,y:4","x:18,y:0","x:6.0,y:8.0","x:0.0,y:19.0","x:18.0,y:0.0","x:0,y:19","[(6, 3), (4, 1), (0, 2), (5, 7)]",46.95858441683211,54.757643775875536,1.1660837833145559
"x:19.0,y:0.0","x:16,y:15","x:19,y:0","x:14,y:0","x:16.0,y:15.0","x:11.0,y:18.0","x:14.0,y:0.0","x:11,y:18","[(6, 3), (4, 1), (0, 2), (5, 7)]",54.50328537806615,64.77515117828091,1.1884632408663658
"x:1.0,y:7.0","x:19,y:5","x:1,y:7","x:19,y:0","x:19.0,y:5.0","x:0.0,y:18.0","x:19.0,y:0.0","x:0,y:18","[(6, 3), (4, 1), (0, 2), (5, 7)]",54.65483104998543,63.49923665730201,1.1618229429568228
"x:17.0,y:7.0","x:13,y:5","x:17,y:7","x:19,y:0","x:13.0,y:5.0","x:5.0,y:5.0","x:19.0,y:0.0","x:5,y:5","[(6, 3), (4, 1), (0, 2), (5, 7)]",40.68540401536722,49.03446990288964,1.205210347287418
"x:11.0,y:2.0","x:8,y:12","x:11,y:2","x:13,y:4","x:8.0,y:12.0","x:11.0,y:8.0","x:13.0,y:4.0","x:11,y:8","[(6, 3), (4, 1), (0, 2), (5, 7)]",28.977998902295614,31.450134857295186,1.085310789172669
"x:18.0,y:15.0","x:11,y:14","x:18,y:15","x:14,y:13","x:11.0,y:14.0","x:13.0,y:6.0","x:14.0,y:13.0","x:13,y:6","[(6, 3), (4, 1), (0, 2), (5, 7)]",38.20161862319896,40.80055048006486,1.0680319826890168
"x:12.0,y:20.0","x:13,y:2","x:12,y:20","x:19,y:4","x:13.0,y:2.0","x:16.0,y:5.0","x:19.0,y:4.0","x:16,y:5","[(6, 3), (4, 1), (0, 2), (5, 7)]",38.08178536528113,42.634736439693164,1.1195571854297284
"x:9.0,y:2.0","x:20,y:1","x:9,y:2","x:3,y:11","x:20.0,y:1.0","x:3.0,y:2.0","x:3.0,y:11.0","x:3,y:2","[(6, 3), (4, 1), (0, 2), (5, 7)]",53.108324001540836,56.90737586076649,1.0715340190196068
"x:18.0,y:2.0","x:7,y:18","x:18,y:2","x:4,y:7","x:7.0,y:18.0","x:16.0,y:0.0","x:4.0,y:7.0","x:16,y:0","[(6, 3), (4, 1), (0, 2), (5, 7)]",45.81712123725207,64.9920506584448,1.418510131221478
"x:0.0,y:2.0","x:0,y:10","x:0,y:2","x:18,y:14","x:0.0,y:10.0","x:14.0,y:20.0","x:18.0,y:14.0","x:14,y:20","[(6, 3), (4, 1), (0, 2), (5, 7)]",53.22571360383871,62.83795818686918,1.1805940011358949
"x:1.0,y:17.0","x:15,y:18","x:1,y:17","x:19,y:1","x:15.0,y:18.0","x:20.0,y:15.0","x:19.0,y:1.0","x:20,y:15","[(6, 3), (4, 1), (0, 2), (5, 7)]",54.06207805565168,66.71099262804874,1.2339701881118263
"x:17.0,y:1.0","x:0,y:16","x:17,y:1","x:0,y:6","x:0.0,y:16.0","x:3.0,y:18.0","x:0.0,y:6.0","x:3,y:18","[(6, 3), (4, 1), (0, 2), (5, 7)]",52.042091194392086,64.7994505072728,1.2451354090524211
"x:5.0,y:1.0","x:11,y:10","x:5,y:1","x:5,y:5","x:11.0,y:10.0","x:5.0,y:2.0","x:5.0,y:5.0","x:5,y:2","[(6, 3), (4, 1), (0, 2), (5, 7)]",27.706212087277727,33.24352683779458,1.1998582387615342
"x:11.0,y:17.0","x:0,y:14","x:11,y:17","x:3,y:10","x:0.0,y:14.0","x:2.0,y:4.0","x:3.0,y:10.0","x:2,y:4","[(6, 3), (4, 1), (0, 2), (5, 7)]",49.46862152243714,52.715152541970525,1.0656280874546076
"x:8.0,y:19.0","x:20,y:2","x:8,y:19","x:15,y:6","x:20.0,y:2.0","x:5.0,y:16.0","x:15.0,y:6.0","x:5,y:16","[(6, 3), (4, 1), (0, 2), (5, 7)]",59.97849231294869,72.70016690421171,1.2121039409407854
"x:2.0,y:3.0","x:3,y:8","x:2,y:3","x:17,y:18","x:3.0,y:8.0","x:15.0,y:15.0","x:17.0,y:18.0","x:15,y:15","[(6, 3), (4, 1), (0, 2), (5, 7)]",33.23712183321065,34.842673108674646,1.0483059659473801
"x:0.0,y:18.0","x:9,y:3","x:0,y:18","x:15,y:8","x:9.0,y:3.0","x:12.0,y:12.0","x:15.0,y:8.0","x:12,y:12","[(6, 3), (4, 1), (0, 2), (5, 7)]",43.09154286785464,47.45530790132666,1.1012673193636633
"x:14.0,y:13.0","x:18,y:20","x:14,y:13","x:3,y:6","x:18.0,y:20.0","x:15.0,y:5.0","x:3.0,y:6.0","x:15,y:5","[(6, 3), (4, 1), (0, 2), (5, 7)]",56.501573426573046,59.88404600685105,1.0598651041934914
"x:11.0,y:19.0","x:15,y:16","x:11,y:19","x:11,y:17","x:15.0,y:16.0","x:6.0,y:5.0","x:11.0,y:17.0","x:6,y:5","[(6, 3), (4, 1), (0, 2), (5, 7)]",42.81862011139649,49.879185543384125,1.164894744707301
"x:17.0,y:4.0","x:19,y:0","x:17,y:4","x:19,y:3","x:19.0,y:0.0","x:20.0,y:9.0","x:19.0,y:3.0","x:20,y:9","[(6, 3), (4, 1), (0, 2), (5, 7)]",32.59143210351787,33.51764178618646,1.0284188089595676
"x:20.0,y:8.0","x:15,y:13","x:20,y:8","x:8,y:14","x:15.0,y:13.0","x:8.0,y:3.0","x:8.0,y:14.0","x:8,y:3","[(6, 3), (4, 1), (0, 2), (5, 7)]",46.52573055808367,57.35533905932738,1.232766006494488
"x:13.0,y:2.0","x:5,y:14","x:13,y:2","x:8,y:3","x:5.0,y:14.0","x:15.0,y:8.0","x:8.0,y:3.0","x:15,y:8","[(6, 3), (4, 1), (0, 2), (5, 7)]",46.1155978848482,54.3550744756712,1.1786700589114594
"x:17.0,y:12.0","x:20,y:1","x:17,y:12","x:7,y:12","x:20.0,y:1.0","x:1.0,y:12.0","x:7.0,y:12.0","x:1,y:12","[(6, 3), (4, 1), (0, 2), (5, 7)]",45.40485963327811,48.587320178144665,1.0700907473466579
"x:20.0,y:14.0","x:1,y:15","x:20,y:14","x:17,y:10","x:1.0,y:15.0","x:3.0,y:3.0","x:17.0,y:10.0","x:3,y:3","[(6, 3), (4, 1), (0, 2), (5, 7)]",55.06279600020632,75.21154422619034,1.3659230858147582
"x:19.0,y:6.0","x:1,y:4","x:19,y:6","x:11,y:13","x:1.0,y:4.0","x:19.0,y:5.0","x:11.0,y:13.0","x:19,y:5","[(6, 3), (4, 1), (0, 2), (5, 7)]",39.39251627701552,47.578259060068895,1.2077994389972377
"x:3.0,y:0.0","x:17,y:16","x:3,y:0","x:7,y:16","x:17.0,y:16.0","x:11.0,y:17.0","x:7.0,y:16.0","x:11,y:17","[(6, 3), (4, 1), (0, 2), (5, 7)]",45.84920411080347,52.01472917139991,1.1344739822679637
